LAUS Code,State FIPS Code,fips_county,County Name/State Abbreviation,year,Labor Force,Employed,Unemployed,Unemployment Rate (%),County
CN1800100000000,18,001,"Adams County, IN",2000,16558,16108,450,2.7,Adams
CN1800300000000,18,003,"Allen County, IN",2000,175716,171002,4714,2.7,Allen
CN1800500000000,18,005,"Bartholomew County, IN",2000,37299,36329,970,2.6,Bartholomew
CN1800700000000,18,007,"Benton County, IN",2000,4829,4691,138,2.9,Benton
CN1800900000000,18,009,"Blackford County, IN",2000,7027,6726,301,4.3,Blackford
CN1801100000000,18,011,"Boone County, IN",2000,24262,23759,503,2.1,Boone
CN1801300000000,18,013,"Brown County, IN",2000,7871,7646,225,2.9,Brown
CN1801500000000,18,015,"Carroll County, IN",2000,10495,10204,291,2.8,Carroll
CN1801700000000,18,017,"Cass County, IN",2000,20650,20023,627,3,Cass
CN1801900000000,18,019,"Clark County, IN",2000,52463,50611,1852,3.5,Clark
CN1802100000000,18,021,"Clay County, IN",2000,12845,12321,524,4.1,Clay
CN1802300000000,18,023,"Clinton County, IN",2000,16463,15986,477,2.9,Clinton
CN1802500000000,18,025,"Crawford County, IN",2000,5110,4866,244,4.8,Crawford
CN1802700000000,18,027,"Daviess County, IN",2000,14092,13675,417,3,Daviess
CN1802900000000,18,029,"Dearborn County, IN",2000,24459,23663,796,3.3,Dearborn
CN1803100000000,18,031,"Decatur County, IN",2000,13429,13130,299,2.2,Decatur
CN1803300000000,18,033,"DeKalb County, IN",2000,21698,21054,644,3,DeKalb
CN1803500000000,18,035,"Delaware County, IN",2000,58632,56624,2008,3.4,Delaware
CN1803700000000,18,037,"Dubois County, IN",2000,22153,21667,486,2.2,Dubois
CN1803900000000,18,039,"Elkhart County, IN",2000,96759,94247,2512,2.6,Elkhart
CN1804100000000,18,041,"Fayette County, IN",2000,12398,11865,533,4.3,Fayette
CN1804300000000,18,043,"Floyd County, IN",2000,38028,36746,1282,3.4,Floyd
CN1804500000000,18,045,"Fountain County, IN",2000,8653,8385,268,3.1,Fountain
CN1804700000000,18,047,"Franklin County, IN",2000,11313,10922,391,3.5,Franklin
CN1804900000000,18,049,"Fulton County, IN",2000,10759,10328,431,4,Fulton
CN1805100000000,18,051,"Gibson County, IN",2000,16732,16183,549,3.3,Gibson
CN1805300000000,18,053,"Grant County, IN",2000,34811,33451,1360,3.9,Grant
CN1805500000000,18,055,"Greene County, IN",2000,16011,15256,755,4.7,Greene
CN1805700000000,18,057,"Hamilton County, IN",2000,101281,99414,1867,1.8,Hamilton
CN1805900000000,18,059,"Hancock County, IN",2000,30394,29716,678,2.2,Hancock
CN1806100000000,18,061,"Harrison County, IN",2000,18712,18093,619,3.3,Harrison
CN1806300000000,18,063,"Hendricks County, IN",2000,57480,56360,1120,1.9,Hendricks
CN1806500000000,18,065,"Henry County, IN",2000,23337,22442,895,3.8,Henry
CN1806700000000,18,067,"Howard County, IN",2000,41481,40175,1306,3.1,Howard
CN1806900000000,18,069,"Huntington County, IN",2000,20782,20150,632,3,Huntington
CN1807100000000,18,071,"Jackson County, IN",2000,21697,21124,573,2.6,Jackson
CN1807300000000,18,073,"Jasper County, IN",2000,14698,14201,497,3.4,Jasper
CN1807500000000,18,075,"Jay County, IN",2000,10976,10611,365,3.3,Jay
CN1807700000000,18,077,"Jefferson County, IN",2000,16167,15641,526,3.3,Jefferson
CN1807900000000,18,079,"Jennings County, IN",2000,14048,13653,395,2.8,Jennings
CN1808100000000,18,081,"Johnson County, IN",2000,63237,61905,1332,2.1,Johnson
CN1808300000000,18,083,"Knox County, IN",2000,19471,18760,711,3.7,Knox
CN1808500000000,18,085,"Kosciusko County, IN",2000,39245,38286,959,2.4,Kosciusko
CN1808700000000,18,087,"LaGrange County, IN",2000,16890,16496,394,2.3,LaGrange
CN1808900000000,18,089,"Lake County, IN",2000,225356,216929,8427,3.7,Lake
CN1809100000000,18,091,"LaPorte County, IN",2000,53789,51942,1847,3.4,LaPorte
CN1809300000000,18,093,"Lawrence County, IN",2000,22911,21993,918,4,Lawrence
CN1809500000000,18,095,"Madison County, IN",2000,63434,61460,1974,3.1,Madison
CN1809700000000,18,097,"Marion County, IN",2000,455127,442659,12468,2.7,Marion
CN1809900000000,18,099,"Marshall County, IN",2000,23302,22587,715,3.1,Marshall
CN1810100000000,18,101,"Martin County, IN",2000,5072,4902,170,3.4,Martin
CN1810300000000,18,103,"Miami County, IN",2000,17563,16974,589,3.4,Miami
CN1810500000000,18,105,"Monroe County, IN",2000,63745,62052,1693,2.7,Monroe
CN1810700000000,18,107,"Montgomery County, IN",2000,19664,19154,510,2.6,Montgomery
CN1810900000000,18,109,"Morgan County, IN",2000,35543,34682,861,2.4,Morgan
CN1811100000000,18,111,"Newton County, IN",2000,7255,7043,212,2.9,Newton
CN1811300000000,18,113,"Noble County, IN",2000,24416,23721,695,2.8,Noble
CN1811500000000,18,115,"Ohio County, IN",2000,2985,2884,101,3.4,Ohio
CN1811700000000,18,117,"Orange County, IN",2000,9580,9163,417,4.4,Orange
CN1811900000000,18,119,"Owen County, IN",2000,10740,10415,325,3,Owen
CN1812100000000,18,121,"Parke County, IN",2000,8015,7736,279,3.5,Parke
CN1812300000000,18,123,"Perry County, IN",2000,9486,9046,440,4.6,Perry
CN1812500000000,18,125,"Pike County, IN",2000,6347,6127,220,3.5,Pike
CN1812700000000,18,127,"Porter County, IN",2000,77449,75256,2193,2.8,Porter
CN1812900000000,18,129,"Posey County, IN",2000,13850,13432,418,3,Posey
CN1813100000000,18,131,"Pulaski County, IN",2000,6755,6461,294,4.4,Pulaski
CN1813300000000,18,133,"Putnam County, IN",2000,17104,16616,488,2.9,Putnam
CN1813500000000,18,135,"Randolph County, IN",2000,13525,13017,508,3.8,Randolph
CN1813700000000,18,137,"Ripley County, IN",2000,13713,13363,350,2.6,Ripley
CN1813900000000,18,139,"Rush County, IN",2000,9460,9213,247,2.6,Rush
CN1814100000000,18,141,"St. Joseph County, IN",2000,134168,129904,4264,3.2,St. Joseph
CN1814300000000,18,143,"Scott County, IN",2000,11275,10905,370,3.3,Scott
CN1814500000000,18,145,"Shelby County, IN",2000,23545,22929,616,2.6,Shelby
CN1814700000000,18,147,"Spencer County, IN",2000,10976,10591,385,3.5,Spencer
CN1814900000000,18,149,"Starke County, IN",2000,10825,10310,515,4.8,Starke
CN1815100000000,18,151,"Steuben County, IN",2000,18467,17915,552,3,Steuben
CN1815300000000,18,153,"Sullivan County, IN",2000,9217,8737,480,5.2,Sullivan
CN1815500000000,18,155,"Switzerland County, IN",2000,5005,4764,241,4.8,Switzerland
CN1815700000000,18,157,"Tippecanoe County, IN",2000,77922,75900,2022,2.6,Tippecanoe
CN1815900000000,18,159,"Tipton County, IN",2000,8675,8445,230,2.7,Tipton
CN1816100000000,18,161,"Union County, IN",2000,3790,3674,116,3.1,Union
CN1816300000000,18,163,"Vanderburgh County, IN",2000,89683,86827,2856,3.2,Vanderburgh
CN1816500000000,18,165,"Vermillion County, IN",2000,8128,7753,375,4.6,Vermillion
CN1816700000000,18,167,"Vigo County, IN",2000,50751,48715,2036,4,Vigo
CN1816900000000,18,169,"Wabash County, IN",2000,18069,17531,538,3,Wabash
CN1817100000000,18,171,"Warren County, IN",2000,4482,4363,119,2.7,Warren
CN1817300000000,18,173,"Warrick County, IN",2000,28410,27480,930,3.3,Warrick
CN1817500000000,18,175,"Washington County, IN",2000,14027,13502,525,3.7,Washington
CN1817700000000,18,177,"Wayne County, IN",2000,35489,34208,1281,3.6,Wayne
CN1817900000000,18,179,"Wells County, IN",2000,14873,14513,360,2.4,Wells
CN1818100000000,18,181,"White County, IN",2000,13584,13183,401,3,White
CN1818300000000,18,183,"Whitley County, IN",2000,17084,16652,432,2.5,Whitley
CN1800100000000,18,001,"Adams County, IN",2001,15686,14918,768,4.9,Adams
CN1800300000000,18,003,"Allen County, IN",2001,175409,168213,7196,4.1,Allen
CN1800500000000,18,005,"Bartholomew County, IN",2001,36419,34951,1468,4,Bartholomew
CN1800700000000,18,007,"Benton County, IN",2001,4835,4668,167,3.5,Benton
CN1800900000000,18,009,"Blackford County, IN",2001,7080,6688,392,5.5,Blackford
CN1801100000000,18,011,"Boone County, IN",2001,24763,24073,690,2.8,Boone
CN1801300000000,18,013,"Brown County, IN",2001,8011,7697,314,3.9,Brown
CN1801500000000,18,015,"Carroll County, IN",2001,10737,10283,454,4.2,Carroll
CN1801700000000,18,017,"Cass County, IN",2001,20508,19503,1005,4.9,Cass
CN1801900000000,18,019,"Clark County, IN",2001,52198,49909,2289,4.4,Clark
CN1802100000000,18,021,"Clay County, IN",2001,12980,12272,708,5.5,Clay
CN1802300000000,18,023,"Clinton County, IN",2001,16580,15915,665,4,Clinton
CN1802500000000,18,025,"Crawford County, IN",2001,5248,4960,288,5.5,Crawford
CN1802700000000,18,027,"Daviess County, IN",2001,13923,13394,529,3.8,Daviess
CN1802900000000,18,029,"Dearborn County, IN",2001,24683,23731,952,3.9,Dearborn
CN1803100000000,18,031,"Decatur County, IN",2001,13022,12605,417,3.2,Decatur
CN1803300000000,18,033,"DeKalb County, IN",2001,21532,20472,1060,4.9,DeKalb
CN1803500000000,18,035,"Delaware County, IN",2001,59586,56736,2850,4.8,Delaware
CN1803700000000,18,037,"Dubois County, IN",2001,22139,21496,643,2.9,Dubois
CN1803900000000,18,039,"Elkhart County, IN",2001,95477,91050,4427,4.6,Elkhart
CN1804100000000,18,041,"Fayette County, IN",2001,12151,11331,820,6.7,Fayette
CN1804300000000,18,043,"Floyd County, IN",2001,37858,36341,1517,4,Floyd
CN1804500000000,18,045,"Fountain County, IN",2001,8612,8223,389,4.5,Fountain
CN1804700000000,18,047,"Franklin County, IN",2001,11372,10871,501,4.4,Franklin
CN1804900000000,18,049,"Fulton County, IN",2001,10439,9841,598,5.7,Fulton
CN1805100000000,18,051,"Gibson County, IN",2001,17079,16403,676,4,Gibson
CN1805300000000,18,053,"Grant County, IN",2001,34891,32829,2062,5.9,Grant
CN1805500000000,18,055,"Greene County, IN",2001,16333,15396,937,5.7,Greene
CN1805700000000,18,057,"Hamilton County, IN",2001,107445,104837,2608,2.4,Hamilton
CN1805900000000,18,059,"Hancock County, IN",2001,31112,30197,915,2.9,Hancock
CN1806100000000,18,061,"Harrison County, IN",2001,18698,17930,768,4.1,Harrison
CN1806300000000,18,063,"Hendricks County, IN",2001,60185,58590,1595,2.7,Hendricks
CN1806500000000,18,065,"Henry County, IN",2001,23302,22100,1202,5.2,Henry
CN1806700000000,18,067,"Howard County, IN",2001,41229,38895,2334,5.7,Howard
CN1806900000000,18,069,"Huntington County, IN",2001,20643,19717,926,4.5,Huntington
CN1807100000000,18,071,"Jackson County, IN",2001,21962,21061,901,4.1,Jackson
CN1807300000000,18,073,"Jasper County, IN",2001,14950,14237,713,4.8,Jasper
CN1807500000000,18,075,"Jay County, IN",2001,11014,10397,617,5.6,Jay
CN1807700000000,18,077,"Jefferson County, IN",2001,16291,15602,689,4.2,Jefferson
CN1807900000000,18,079,"Jennings County, IN",2001,14054,13389,665,4.7,Jennings
CN1808100000000,18,081,"Johnson County, IN",2001,64959,63166,1793,2.8,Johnson
CN1808300000000,18,083,"Knox County, IN",2001,19461,18735,726,3.7,Knox
CN1808500000000,18,085,"Kosciusko County, IN",2001,38685,37080,1605,4.1,Kosciusko
CN1808700000000,18,087,"LaGrange County, IN",2001,16522,15735,787,4.8,LaGrange
CN1808900000000,18,089,"Lake County, IN",2001,227268,216190,11078,4.9,Lake
CN1809100000000,18,091,"LaPorte County, IN",2001,54006,51404,2602,4.8,LaPorte
CN1809300000000,18,093,"Lawrence County, IN",2001,23157,21575,1582,6.8,Lawrence
CN1809500000000,18,095,"Madison County, IN",2001,63926,61043,2883,4.5,Madison
CN1809700000000,18,097,"Marion County, IN",2001,460231,442925,17306,3.8,Marion
CN1809900000000,18,099,"Marshall County, IN",2001,22611,21647,964,4.3,Marshall
CN1810100000000,18,101,"Martin County, IN",2001,5134,4896,238,4.6,Martin
CN1810300000000,18,103,"Miami County, IN",2001,17544,16631,913,5.2,Miami
CN1810500000000,18,105,"Monroe County, IN",2001,64788,62374,2414,3.7,Monroe
CN1810700000000,18,107,"Montgomery County, IN",2001,19564,18840,724,3.7,Montgomery
CN1810900000000,18,109,"Morgan County, IN",2001,35949,34761,1188,3.3,Morgan
CN1811100000000,18,111,"Newton County, IN",2001,7238,6930,308,4.3,Newton
CN1811300000000,18,113,"Noble County, IN",2001,23970,22640,1330,5.5,Noble
CN1811500000000,18,115,"Ohio County, IN",2001,2985,2876,109,3.7,Ohio
CN1811700000000,18,117,"Orange County, IN",2001,9504,8852,652,6.9,Orange
CN1811900000000,18,119,"Owen County, IN",2001,11119,10616,503,4.5,Owen
CN1812100000000,18,121,"Parke County, IN",2001,8056,7689,367,4.6,Parke
CN1812300000000,18,123,"Perry County, IN",2001,9186,8701,485,5.3,Perry
CN1812500000000,18,125,"Pike County, IN",2001,6313,6070,243,3.8,Pike
CN1812700000000,18,127,"Porter County, IN",2001,78676,75688,2988,3.8,Porter
CN1812900000000,18,129,"Posey County, IN",2001,13979,13499,480,3.4,Posey
CN1813100000000,18,131,"Pulaski County, IN",2001,6786,6469,317,4.7,Pulaski
CN1813300000000,18,133,"Putnam County, IN",2001,17307,16661,646,3.7,Putnam
CN1813500000000,18,135,"Randolph County, IN",2001,13772,13047,725,5.3,Randolph
CN1813700000000,18,137,"Ripley County, IN",2001,14010,13527,483,3.4,Ripley
CN1813900000000,18,139,"Rush County, IN",2001,9659,9307,352,3.6,Rush
CN1814100000000,18,141,"St. Joseph County, IN",2001,133122,127091,6031,4.5,St. Joseph
CN1814300000000,18,143,"Scott County, IN",2001,11133,10579,554,5,Scott
CN1814500000000,18,145,"Shelby County, IN",2001,23902,23029,873,3.7,Shelby
CN1814700000000,18,147,"Spencer County, IN",2001,10534,10069,465,4.4,Spencer
CN1814900000000,18,149,"Starke County, IN",2001,10690,10063,627,5.9,Starke
CN1815100000000,18,151,"Steuben County, IN",2001,17522,16603,919,5.2,Steuben
CN1815300000000,18,153,"Sullivan County, IN",2001,9217,8715,502,5.4,Sullivan
CN1815500000000,18,155,"Switzerland County, IN",2001,5983,5789,194,3.2,Switzerland
CN1815700000000,18,157,"Tippecanoe County, IN",2001,78904,76178,2726,3.5,Tippecanoe
CN1815900000000,18,159,"Tipton County, IN",2001,8571,8156,415,4.8,Tipton
CN1816100000000,18,161,"Union County, IN",2001,3769,3602,167,4.4,Union
CN1816300000000,18,163,"Vanderburgh County, IN",2001,91164,87681,3483,3.8,Vanderburgh
CN1816500000000,18,165,"Vermillion County, IN",2001,8079,7654,425,5.3,Vermillion
CN1816700000000,18,167,"Vigo County, IN",2001,50574,48029,2545,5,Vigo
CN1816900000000,18,169,"Wabash County, IN",2001,18054,17134,920,5.1,Wabash
CN1817100000000,18,171,"Warren County, IN",2001,4561,4413,148,3.2,Warren
CN1817300000000,18,173,"Warrick County, IN",2001,28952,27956,996,3.4,Warrick
CN1817500000000,18,175,"Washington County, IN",2001,14112,13350,762,5.4,Washington
CN1817700000000,18,177,"Wayne County, IN",2001,34664,32886,1778,5.1,Wayne
CN1817900000000,18,179,"Wells County, IN",2001,14792,14218,574,3.9,Wells
CN1818100000000,18,181,"White County, IN",2001,13372,12735,637,4.8,White
CN1818300000000,18,183,"Whitley County, IN",2001,17230,16456,774,4.5,Whitley
CN1800100000000,18,001,"Adams County, IN",2002,15858,15135,723,4.6,Adams
CN1800300000000,18,003,"Allen County, IN",2002,176662,167982,8680,4.9,Allen
CN1800500000000,18,005,"Bartholomew County, IN",2002,35857,34160,1697,4.7,Bartholomew
CN1800700000000,18,007,"Benton County, IN",2002,4893,4649,244,5,Benton
CN1800900000000,18,009,"Blackford County, IN",2002,7006,6570,436,6.2,Blackford
CN1801100000000,18,011,"Boone County, IN",2002,25443,24487,956,3.8,Boone
CN1801300000000,18,013,"Brown County, IN",2002,8072,7675,397,4.9,Brown
CN1801500000000,18,015,"Carroll County, IN",2002,10845,10327,518,4.8,Carroll
CN1801700000000,18,017,"Cass County, IN",2002,20555,19385,1170,5.7,Cass
CN1801900000000,18,019,"Clark County, IN",2002,52229,49518,2711,5.2,Clark
CN1802100000000,18,021,"Clay County, IN",2002,13120,12330,790,6,Clay
CN1802300000000,18,023,"Clinton County, IN",2002,16641,15862,779,4.7,Clinton
CN1802500000000,18,025,"Crawford County, IN",2002,5326,4954,372,7,Crawford
CN1802700000000,18,027,"Daviess County, IN",2002,14072,13471,601,4.3,Daviess
CN1802900000000,18,029,"Dearborn County, IN",2002,25209,23915,1294,5.1,Dearborn
CN1803100000000,18,031,"Decatur County, IN",2002,13407,12901,506,3.8,Decatur
CN1803300000000,18,033,"DeKalb County, IN",2002,21767,20601,1166,5.4,DeKalb
CN1803500000000,18,035,"Delaware County, IN",2002,59038,55578,3460,5.9,Delaware
CN1803700000000,18,037,"Dubois County, IN",2002,22071,21255,816,3.7,Dubois
CN1803900000000,18,039,"Elkhart County, IN",2002,94725,90276,4449,4.7,Elkhart
CN1804100000000,18,041,"Fayette County, IN",2002,11904,11013,891,7.5,Fayette
CN1804300000000,18,043,"Floyd County, IN",2002,37597,35796,1801,4.8,Floyd
CN1804500000000,18,045,"Fountain County, IN",2002,8499,7996,503,5.9,Fountain
CN1804700000000,18,047,"Franklin County, IN",2002,11625,10968,657,5.7,Franklin
CN1804900000000,18,049,"Fulton County, IN",2002,10420,9790,630,6,Fulton
CN1805100000000,18,051,"Gibson County, IN",2002,17243,16493,750,4.3,Gibson
CN1805300000000,18,053,"Grant County, IN",2002,34920,32669,2251,6.4,Grant
CN1805500000000,18,055,"Greene County, IN",2002,16391,15418,973,5.9,Greene
CN1805700000000,18,057,"Hamilton County, IN",2002,113267,109609,3658,3.2,Hamilton
CN1805900000000,18,059,"Hancock County, IN",2002,31945,30694,1251,3.9,Hancock
CN1806100000000,18,061,"Harrison County, IN",2002,18747,17872,875,4.7,Harrison
CN1806300000000,18,063,"Hendricks County, IN",2002,62983,60636,2347,3.7,Hendricks
CN1806500000000,18,065,"Henry County, IN",2002,23321,21886,1435,6.2,Henry
CN1806700000000,18,067,"Howard County, IN",2002,40793,38451,2342,5.7,Howard
CN1806900000000,18,069,"Huntington County, IN",2002,20633,19584,1049,5.1,Huntington
CN1807100000000,18,071,"Jackson County, IN",2002,22010,20944,1066,4.8,Jackson
CN1807300000000,18,073,"Jasper County, IN",2002,15015,14171,844,5.6,Jasper
CN1807500000000,18,075,"Jay County, IN",2002,10830,10179,651,6,Jay
CN1807700000000,18,077,"Jefferson County, IN",2002,16702,15875,827,5,Jefferson
CN1807900000000,18,079,"Jennings County, IN",2002,13510,12656,854,6.3,Jennings
CN1808100000000,18,081,"Johnson County, IN",2002,66594,64026,2568,3.9,Johnson
CN1808300000000,18,083,"Knox County, IN",2002,19682,18827,855,4.3,Knox
CN1808500000000,18,085,"Kosciusko County, IN",2002,39188,37368,1820,4.6,Kosciusko
CN1808700000000,18,087,"LaGrange County, IN",2002,16558,15785,773,4.7,LaGrange
CN1808900000000,18,089,"Lake County, IN",2002,227951,213418,14533,6.4,Lake
CN1809100000000,18,091,"LaPorte County, IN",2002,54081,50424,3657,6.8,LaPorte
CN1809300000000,18,093,"Lawrence County, IN",2002,23035,21315,1720,7.5,Lawrence
CN1809500000000,18,095,"Madison County, IN",2002,63973,60295,3678,5.7,Madison
CN1809700000000,18,097,"Marion County, IN",2002,461510,437768,23742,5.1,Marion
CN1809900000000,18,099,"Marshall County, IN",2002,22269,21146,1123,5,Marshall
CN1810100000000,18,101,"Martin County, IN",2002,5211,4938,273,5.2,Martin
CN1810300000000,18,103,"Miami County, IN",2002,17440,16374,1066,6.1,Miami
CN1810500000000,18,105,"Monroe County, IN",2002,65313,62497,2816,4.3,Monroe
CN1810700000000,18,107,"Montgomery County, IN",2002,19498,18681,817,4.2,Montgomery
CN1810900000000,18,109,"Morgan County, IN",2002,36453,34769,1684,4.6,Morgan
CN1811100000000,18,111,"Newton County, IN",2002,7214,6820,394,5.5,Newton
CN1811300000000,18,113,"Noble County, IN",2002,23685,22347,1338,5.6,Noble
CN1811500000000,18,115,"Ohio County, IN",2002,3046,2916,130,4.3,Ohio
CN1811700000000,18,117,"Orange County, IN",2002,9342,8622,720,7.7,Orange
CN1811900000000,18,119,"Owen County, IN",2002,11483,10831,652,5.7,Owen
CN1812100000000,18,121,"Parke County, IN",2002,8030,7595,435,5.4,Parke
CN1812300000000,18,123,"Perry County, IN",2002,9422,8937,485,5.1,Perry
CN1812500000000,18,125,"Pike County, IN",2002,6336,6023,313,4.9,Pike
CN1812700000000,18,127,"Porter County, IN",2002,79476,75553,3923,4.9,Porter
CN1812900000000,18,129,"Posey County, IN",2002,14236,13621,615,4.3,Posey
CN1813100000000,18,131,"Pulaski County, IN",2002,6809,6422,387,5.7,Pulaski
CN1813300000000,18,133,"Putnam County, IN",2002,17394,16525,869,5,Putnam
CN1813500000000,18,135,"Randolph County, IN",2002,13752,12946,806,5.9,Randolph
CN1813700000000,18,137,"Ripley County, IN",2002,14042,13440,602,4.3,Ripley
CN1813900000000,18,139,"Rush County, IN",2002,9523,9096,427,4.5,Rush
CN1814100000000,18,141,"St. Joseph County, IN",2002,133425,126368,7057,5.3,St. Joseph
CN1814300000000,18,143,"Scott County, IN",2002,11074,10402,672,6.1,Scott
CN1814500000000,18,145,"Shelby County, IN",2002,23841,22713,1128,4.7,Shelby
CN1814700000000,18,147,"Spencer County, IN",2002,10615,10120,495,4.7,Spencer
CN1814900000000,18,149,"Starke County, IN",2002,10637,9855,782,7.4,Starke
CN1815100000000,18,151,"Steuben County, IN",2002,17185,16090,1095,6.4,Steuben
CN1815300000000,18,153,"Sullivan County, IN",2002,9338,8787,551,5.9,Sullivan
CN1815500000000,18,155,"Switzerland County, IN",2002,5732,5463,269,4.7,Switzerland
CN1815700000000,18,157,"Tippecanoe County, IN",2002,79975,76582,3393,4.2,Tippecanoe
CN1815900000000,18,159,"Tipton County, IN",2002,8544,8112,432,5.1,Tipton
CN1816100000000,18,161,"Union County, IN",2002,3710,3517,193,5.2,Union
CN1816300000000,18,163,"Vanderburgh County, IN",2002,92439,88273,4166,4.5,Vanderburgh
CN1816500000000,18,165,"Vermillion County, IN",2002,8178,7667,511,6.2,Vermillion
CN1816700000000,18,167,"Vigo County, IN",2002,51234,48269,2965,5.8,Vigo
CN1816900000000,18,169,"Wabash County, IN",2002,17801,16861,940,5.3,Wabash
CN1817100000000,18,171,"Warren County, IN",2002,4635,4399,236,5.1,Warren
CN1817300000000,18,173,"Warrick County, IN",2002,29614,28456,1158,3.9,Warrick
CN1817500000000,18,175,"Washington County, IN",2002,14022,13245,777,5.5,Washington
CN1817700000000,18,177,"Wayne County, IN",2002,34907,32826,2081,6,Wayne
CN1817900000000,18,179,"Wells County, IN",2002,14810,14190,620,4.2,Wells
CN1818100000000,18,181,"White County, IN",2002,12856,11961,895,7,White
CN1818300000000,18,183,"Whitley County, IN",2002,17336,16477,859,5,Whitley
CN1800100000000,18,001,"Adams County, IN",2003,16104,15423,681,4.2,Adams
CN1800300000000,18,003,"Allen County, IN",2003,179122,169830,9292,5.2,Allen
CN1800500000000,18,005,"Bartholomew County, IN",2003,35702,34030,1672,4.7,Bartholomew
CN1800700000000,18,007,"Benton County, IN",2003,4693,4443,250,5.3,Benton
CN1800900000000,18,009,"Blackford County, IN",2003,6914,6413,501,7.2,Blackford
CN1801100000000,18,011,"Boone County, IN",2003,26165,25130,1035,4,Boone
CN1801300000000,18,013,"Brown County, IN",2003,8122,7719,403,5,Brown
CN1801500000000,18,015,"Carroll County, IN",2003,10633,9998,635,6,Carroll
CN1801700000000,18,017,"Cass County, IN",2003,20039,18810,1229,6.1,Cass
CN1801900000000,18,019,"Clark County, IN",2003,52964,50405,2559,4.8,Clark
CN1802100000000,18,021,"Clay County, IN",2003,13023,12283,740,5.7,Clay
CN1802300000000,18,023,"Clinton County, IN",2003,16868,15997,871,5.2,Clinton
CN1802500000000,18,025,"Crawford County, IN",2003,5350,4990,360,6.7,Crawford
CN1802700000000,18,027,"Daviess County, IN",2003,14364,13789,575,4,Daviess
CN1802900000000,18,029,"Dearborn County, IN",2003,25893,24580,1313,5.1,Dearborn
CN1803100000000,18,031,"Decatur County, IN",2003,12531,11968,563,4.5,Decatur
CN1803300000000,18,033,"DeKalb County, IN",2003,22047,20820,1227,5.6,DeKalb
CN1803500000000,18,035,"Delaware County, IN",2003,59033,55404,3629,6.1,Delaware
CN1803700000000,18,037,"Dubois County, IN",2003,22482,21683,799,3.6,Dubois
CN1803900000000,18,039,"Elkhart County, IN",2003,96293,91843,4450,4.6,Elkhart
CN1804100000000,18,041,"Fayette County, IN",2003,11634,10720,914,7.9,Fayette
CN1804300000000,18,043,"Floyd County, IN",2003,37528,35819,1709,4.6,Floyd
CN1804500000000,18,045,"Fountain County, IN",2003,8413,7942,471,5.6,Fountain
CN1804700000000,18,047,"Franklin County, IN",2003,11893,11218,675,5.7,Franklin
CN1804900000000,18,049,"Fulton County, IN",2003,10377,9752,625,6,Fulton
CN1805100000000,18,051,"Gibson County, IN",2003,17390,16597,793,4.6,Gibson
CN1805300000000,18,053,"Grant County, IN",2003,34806,32244,2562,7.4,Grant
CN1805500000000,18,055,"Greene County, IN",2003,16589,15560,1029,6.2,Greene
CN1805700000000,18,057,"Hamilton County, IN",2003,121278,117361,3917,3.2,Hamilton
CN1805900000000,18,059,"Hancock County, IN",2003,32872,31549,1323,4,Hancock
CN1806100000000,18,061,"Harrison County, IN",2003,19071,18150,921,4.8,Harrison
CN1806300000000,18,063,"Hendricks County, IN",2003,65570,62908,2662,4.1,Hendricks
CN1806500000000,18,065,"Henry County, IN",2003,23525,22147,1378,5.9,Henry
CN1806700000000,18,067,"Howard County, IN",2003,40146,37456,2690,6.7,Howard
CN1806900000000,18,069,"Huntington County, IN",2003,20688,19588,1100,5.3,Huntington
CN1807100000000,18,071,"Jackson County, IN",2003,21987,20960,1027,4.7,Jackson
CN1807300000000,18,073,"Jasper County, IN",2003,15102,14262,840,5.6,Jasper
CN1807500000000,18,075,"Jay County, IN",2003,10733,9950,783,7.3,Jay
CN1807700000000,18,077,"Jefferson County, IN",2003,16848,16055,793,4.7,Jefferson
CN1807900000000,18,079,"Jennings County, IN",2003,13926,13054,872,6.3,Jennings
CN1808100000000,18,081,"Johnson County, IN",2003,68013,65330,2683,3.9,Johnson
CN1808300000000,18,083,"Knox County, IN",2003,19642,18790,852,4.3,Knox
CN1808500000000,18,085,"Kosciusko County, IN",2003,39688,37983,1705,4.3,Kosciusko
CN1808700000000,18,087,"LaGrange County, IN",2003,16557,15831,726,4.4,LaGrange
CN1808900000000,18,089,"Lake County, IN",2003,225915,212315,13600,6,Lake
CN1809100000000,18,091,"LaPorte County, IN",2003,53845,50258,3587,6.7,LaPorte
CN1809300000000,18,093,"Lawrence County, IN",2003,22706,21125,1581,7,Lawrence
CN1809500000000,18,095,"Madison County, IN",2003,64545,60749,3796,5.9,Madison
CN1809700000000,18,097,"Marion County, IN",2003,464435,439997,24438,5.3,Marion
CN1809900000000,18,099,"Marshall County, IN",2003,22229,21045,1184,5.3,Marshall
CN1810100000000,18,101,"Martin County, IN",2003,5386,5122,264,4.9,Martin
CN1810300000000,18,103,"Miami County, IN",2003,17410,16161,1249,7.2,Miami
CN1810500000000,18,105,"Monroe County, IN",2003,65701,62974,2727,4.2,Monroe
CN1810700000000,18,107,"Montgomery County, IN",2003,19610,18786,824,4.2,Montgomery
CN1810900000000,18,109,"Morgan County, IN",2003,37010,35264,1746,4.7,Morgan
CN1811100000000,18,111,"Newton County, IN",2003,7168,6791,377,5.3,Newton
CN1811300000000,18,113,"Noble County, IN",2003,23760,22319,1441,6.1,Noble
CN1811500000000,18,115,"Ohio County, IN",2003,3093,2944,149,4.8,Ohio
CN1811700000000,18,117,"Orange County, IN",2003,9198,8484,714,7.8,Orange
CN1811900000000,18,119,"Owen County, IN",2003,11706,11065,641,5.5,Owen
CN1812100000000,18,121,"Parke County, IN",2003,8051,7595,456,5.7,Parke
CN1812300000000,18,123,"Perry County, IN",2003,9628,9113,515,5.3,Perry
CN1812500000000,18,125,"Pike County, IN",2003,6433,6097,336,5.2,Pike
CN1812700000000,18,127,"Porter County, IN",2003,79881,75898,3983,5,Porter
CN1812900000000,18,129,"Posey County, IN",2003,14091,13490,601,4.3,Posey
CN1813100000000,18,131,"Pulaski County, IN",2003,6701,6330,371,5.5,Pulaski
CN1813300000000,18,133,"Putnam County, IN",2003,17674,16713,961,5.4,Putnam
CN1813500000000,18,135,"Randolph County, IN",2003,13551,12636,915,6.8,Randolph
CN1813700000000,18,137,"Ripley County, IN",2003,14725,14061,664,4.5,Ripley
CN1813900000000,18,139,"Rush County, IN",2003,9282,8835,447,4.8,Rush
CN1814100000000,18,141,"St. Joseph County, IN",2003,132488,125573,6915,5.2,St. Joseph
CN1814300000000,18,143,"Scott County, IN",2003,11091,10387,704,6.3,Scott
CN1814500000000,18,145,"Shelby County, IN",2003,23832,22710,1122,4.7,Shelby
CN1814700000000,18,147,"Spencer County, IN",2003,10797,10246,551,5.1,Spencer
CN1814900000000,18,149,"Starke County, IN",2003,10541,9788,753,7.1,Starke
CN1815100000000,18,151,"Steuben County, IN",2003,17014,15935,1079,6.3,Steuben
CN1815300000000,18,153,"Sullivan County, IN",2003,9295,8674,621,6.7,Sullivan
CN1815500000000,18,155,"Switzerland County, IN",2003,5751,5501,250,4.3,Switzerland
CN1815700000000,18,157,"Tippecanoe County, IN",2003,77600,74020,3580,4.6,Tippecanoe
CN1815900000000,18,159,"Tipton County, IN",2003,8313,7872,441,5.3,Tipton
CN1816100000000,18,161,"Union County, IN",2003,3776,3586,190,5,Union
CN1816300000000,18,163,"Vanderburgh County, IN",2003,92457,88162,4295,4.6,Vanderburgh
CN1816500000000,18,165,"Vermillion County, IN",2003,8057,7539,518,6.4,Vermillion
CN1816700000000,18,167,"Vigo County, IN",2003,50400,47439,2961,5.9,Vigo
CN1816900000000,18,169,"Wabash County, IN",2003,17717,16732,985,5.6,Wabash
CN1817100000000,18,171,"Warren County, IN",2003,4554,4334,220,4.8,Warren
CN1817300000000,18,173,"Warrick County, IN",2003,30156,28900,1256,4.2,Warrick
CN1817500000000,18,175,"Washington County, IN",2003,14070,13276,794,5.6,Washington
CN1817700000000,18,177,"Wayne County, IN",2003,34415,32179,2236,6.5,Wayne
CN1817900000000,18,179,"Wells County, IN",2003,14974,14275,699,4.7,Wells
CN1818100000000,18,181,"White County, IN",2003,12359,11459,900,7.3,White
CN1818300000000,18,183,"Whitley County, IN",2003,17681,16706,975,5.5,Whitley
CN1800100000000,18,001,"Adams County, IN",2004,16491,15805,686,4.2,Adams
CN1800300000000,18,003,"Allen County, IN",2004,177372,167892,9480,5.3,Allen
CN1800500000000,18,005,"Bartholomew County, IN",2004,36230,34599,1631,4.5,Bartholomew
CN1800700000000,18,007,"Benton County, IN",2004,4615,4364,251,5.4,Benton
CN1800900000000,18,009,"Blackford County, IN",2004,6745,6257,488,7.2,Blackford
CN1801100000000,18,011,"Boone County, IN",2004,26575,25513,1062,4,Boone
CN1801300000000,18,013,"Brown County, IN",2004,8045,7602,443,5.5,Brown
CN1801500000000,18,015,"Carroll County, IN",2004,10453,9844,609,5.8,Carroll
CN1801700000000,18,017,"Cass County, IN",2004,19786,18452,1334,6.7,Cass
CN1801900000000,18,019,"Clark County, IN",2004,52601,49865,2736,5.2,Clark
CN1802100000000,18,021,"Clay County, IN",2004,13268,12385,883,6.7,Clay
CN1802300000000,18,023,"Clinton County, IN",2004,16799,15830,969,5.8,Clinton
CN1802500000000,18,025,"Crawford County, IN",2004,5423,5037,386,7.1,Crawford
CN1802700000000,18,027,"Daviess County, IN",2004,14495,13909,586,4,Daviess
CN1802900000000,18,029,"Dearborn County, IN",2004,26070,24654,1416,5.4,Dearborn
CN1803100000000,18,031,"Decatur County, IN",2004,12566,11877,689,5.5,Decatur
CN1803300000000,18,033,"DeKalb County, IN",2004,21866,20626,1240,5.7,DeKalb
CN1803500000000,18,035,"Delaware County, IN",2004,57094,53495,3599,6.3,Delaware
CN1803700000000,18,037,"Dubois County, IN",2004,21958,21104,854,3.9,Dubois
CN1803900000000,18,039,"Elkhart County, IN",2004,99658,95343,4315,4.3,Elkhart
CN1804100000000,18,041,"Fayette County, IN",2004,11258,10342,916,8.1,Fayette
CN1804300000000,18,043,"Floyd County, IN",2004,37053,35188,1865,5,Floyd
CN1804500000000,18,045,"Fountain County, IN",2004,8514,8026,488,5.7,Fountain
CN1804700000000,18,047,"Franklin County, IN",2004,11844,11166,678,5.7,Franklin
CN1804900000000,18,049,"Fulton County, IN",2004,10250,9654,596,5.8,Fulton
CN1805100000000,18,051,"Gibson County, IN",2004,17123,16301,822,4.8,Gibson
CN1805300000000,18,053,"Grant County, IN",2004,33801,30874,2927,8.7,Grant
CN1805500000000,18,055,"Greene County, IN",2004,16565,15558,1007,6.1,Greene
CN1805700000000,18,057,"Hamilton County, IN",2004,125141,120821,4320,3.5,Hamilton
CN1805900000000,18,059,"Hancock County, IN",2004,33257,31909,1348,4.1,Hancock
CN1806100000000,18,061,"Harrison County, IN",2004,19152,18090,1062,5.5,Harrison
CN1806300000000,18,063,"Hendricks County, IN",2004,67357,64713,2644,3.9,Hendricks
CN1806500000000,18,065,"Henry County, IN",2004,23440,21758,1682,7.2,Henry
CN1806700000000,18,067,"Howard County, IN",2004,39367,36671,2696,6.8,Howard
CN1806900000000,18,069,"Huntington County, IN",2004,20560,19413,1147,5.6,Huntington
CN1807100000000,18,071,"Jackson County, IN",2004,22038,21000,1038,4.7,Jackson
CN1807300000000,18,073,"Jasper County, IN",2004,15088,14206,882,5.8,Jasper
CN1807500000000,18,075,"Jay County, IN",2004,11113,10469,644,5.8,Jay
CN1807700000000,18,077,"Jefferson County, IN",2004,17113,16284,829,4.8,Jefferson
CN1807900000000,18,079,"Jennings County, IN",2004,14013,13170,843,6,Jennings
CN1808100000000,18,081,"Johnson County, IN",2004,68750,65758,2992,4.4,Johnson
CN1808300000000,18,083,"Knox County, IN",2004,19167,18254,913,4.8,Knox
CN1808500000000,18,085,"Kosciusko County, IN",2004,39896,38222,1674,4.2,Kosciusko
CN1808700000000,18,087,"LaGrange County, IN",2004,16795,16061,734,4.4,LaGrange
CN1808900000000,18,089,"Lake County, IN",2004,224079,209670,14409,6.4,Lake
CN1809100000000,18,091,"LaPorte County, IN",2004,52715,49413,3302,6.3,LaPorte
CN1809300000000,18,093,"Lawrence County, IN",2004,22364,20758,1606,7.2,Lawrence
CN1809500000000,18,095,"Madison County, IN",2004,63253,59383,3870,6.1,Madison
CN1809700000000,18,097,"Marion County, IN",2004,460112,434666,25446,5.5,Marion
CN1809900000000,18,099,"Marshall County, IN",2004,22424,21240,1184,5.3,Marshall
CN1810100000000,18,101,"Martin County, IN",2004,5157,4876,281,5.4,Martin
CN1810300000000,18,103,"Miami County, IN",2004,17233,16067,1166,6.8,Miami
CN1810500000000,18,105,"Monroe County, IN",2004,65924,62968,2956,4.5,Monroe
CN1810700000000,18,107,"Montgomery County, IN",2004,19671,18796,875,4.4,Montgomery
CN1810900000000,18,109,"Morgan County, IN",2004,36914,35164,1750,4.7,Morgan
CN1811100000000,18,111,"Newton County, IN",2004,7013,6648,365,5.2,Newton
CN1811300000000,18,113,"Noble County, IN",2004,23529,22129,1400,6,Noble
CN1811500000000,18,115,"Ohio County, IN",2004,3116,2942,174,5.6,Ohio
CN1811700000000,18,117,"Orange County, IN",2004,9113,8423,690,7.6,Orange
CN1811900000000,18,119,"Owen County, IN",2004,11669,11035,634,5.4,Owen
CN1812100000000,18,121,"Parke County, IN",2004,8024,7517,507,6.3,Parke
CN1812300000000,18,123,"Perry County, IN",2004,9693,9151,542,5.6,Perry
CN1812500000000,18,125,"Pike County, IN",2004,6227,5884,343,5.5,Pike
CN1812700000000,18,127,"Porter County, IN",2004,79562,75635,3927,4.9,Porter
CN1812900000000,18,129,"Posey County, IN",2004,13790,13158,632,4.6,Posey
CN1813100000000,18,131,"Pulaski County, IN",2004,6809,6446,363,5.3,Pulaski
CN1813300000000,18,133,"Putnam County, IN",2004,17539,16544,995,5.7,Putnam
CN1813500000000,18,135,"Randolph County, IN",2004,13177,12240,937,7.1,Randolph
CN1813700000000,18,137,"Ripley County, IN",2004,14878,14108,770,5.2,Ripley
CN1813900000000,18,139,"Rush County, IN",2004,9273,8815,458,4.9,Rush
CN1814100000000,18,141,"St. Joseph County, IN",2004,132927,125956,6971,5.2,St. Joseph
CN1814300000000,18,143,"Scott County, IN",2004,11250,10593,657,5.8,Scott
CN1814500000000,18,145,"Shelby County, IN",2004,23708,22530,1178,5,Shelby
CN1814700000000,18,147,"Spencer County, IN",2004,10589,10019,570,5.4,Spencer
CN1814900000000,18,149,"Starke County, IN",2004,10515,9772,743,7.1,Starke
CN1815100000000,18,151,"Steuben County, IN",2004,17030,16020,1010,5.9,Steuben
CN1815300000000,18,153,"Sullivan County, IN",2004,9374,8666,708,7.6,Sullivan
CN1815500000000,18,155,"Switzerland County, IN",2004,5719,5451,268,4.7,Switzerland
CN1815700000000,18,157,"Tippecanoe County, IN",2004,77915,74165,3750,4.8,Tippecanoe
CN1815900000000,18,159,"Tipton County, IN",2004,8169,7736,433,5.3,Tipton
CN1816100000000,18,161,"Union County, IN",2004,3769,3559,210,5.6,Union
CN1816300000000,18,163,"Vanderburgh County, IN",2004,90719,86165,4554,5,Vanderburgh
CN1816500000000,18,165,"Vermillion County, IN",2004,8224,7543,681,8.3,Vermillion
CN1816700000000,18,167,"Vigo County, IN",2004,50552,46840,3712,7.3,Vigo
CN1816900000000,18,169,"Wabash County, IN",2004,17505,16389,1116,6.4,Wabash
CN1817100000000,18,171,"Warren County, IN",2004,4622,4408,214,4.6,Warren
CN1817300000000,18,173,"Warrick County, IN",2004,29866,28533,1333,4.5,Warrick
CN1817500000000,18,175,"Washington County, IN",2004,13996,13082,914,6.5,Washington
CN1817700000000,18,177,"Wayne County, IN",2004,33413,31009,2404,7.2,Wayne
CN1817900000000,18,179,"Wells County, IN",2004,14825,14075,750,5.1,Wells
CN1818100000000,18,181,"White County, IN",2004,12285,11460,825,6.7,White
CN1818300000000,18,183,"Whitley County, IN",2004,17529,16514,1015,5.8,Whitley
CN1800100000000,18,001,"Adams County, IN",2005,16588,15797,791,4.8,Adams
CN1800300000000,18,003,"Allen County, IN",2005,179268,169912,9356,5.2,Allen
CN1800500000000,18,005,"Bartholomew County, IN",2005,37466,35671,1795,4.8,Bartholomew
CN1800700000000,18,007,"Benton County, IN",2005,4608,4368,240,5.2,Benton
CN1800900000000,18,009,"Blackford County, IN",2005,6830,6347,483,7.1,Blackford
CN1801100000000,18,011,"Boone County, IN",2005,27236,26123,1113,4.1,Boone
CN1801300000000,18,013,"Brown County, IN",2005,8018,7568,450,5.6,Brown
CN1801500000000,18,015,"Carroll County, IN",2005,10537,9994,543,5.2,Carroll
CN1801700000000,18,017,"Cass County, IN",2005,19312,18210,1102,5.7,Cass
CN1801900000000,18,019,"Clark County, IN",2005,53479,50704,2775,5.2,Clark
CN1802100000000,18,021,"Clay County, IN",2005,13339,12412,927,6.9,Clay
CN1802300000000,18,023,"Clinton County, IN",2005,17041,16085,956,5.6,Clinton
CN1802500000000,18,025,"Crawford County, IN",2005,5441,5028,413,7.6,Crawford
CN1802700000000,18,027,"Daviess County, IN",2005,14916,14307,609,4.1,Daviess
CN1802900000000,18,029,"Dearborn County, IN",2005,26481,24982,1499,5.7,Dearborn
CN1803100000000,18,031,"Decatur County, IN",2005,12721,12083,638,5,Decatur
CN1803300000000,18,033,"DeKalb County, IN",2005,21954,20586,1368,6.2,DeKalb
CN1803500000000,18,035,"Delaware County, IN",2005,56217,52401,3816,6.8,Delaware
CN1803700000000,18,037,"Dubois County, IN",2005,22450,21580,870,3.9,Dubois
CN1803900000000,18,039,"Elkhart County, IN",2005,102129,97447,4682,4.6,Elkhart
CN1804100000000,18,041,"Fayette County, IN",2005,11470,10554,916,8,Fayette
CN1804300000000,18,043,"Floyd County, IN",2005,37561,35622,1939,5.2,Floyd
CN1804500000000,18,045,"Fountain County, IN",2005,8820,8346,474,5.4,Fountain
CN1804700000000,18,047,"Franklin County, IN",2005,12075,11308,767,6.4,Franklin
CN1804900000000,18,049,"Fulton County, IN",2005,10485,9926,559,5.3,Fulton
CN1805100000000,18,051,"Gibson County, IN",2005,17342,16491,851,4.9,Gibson
CN1805300000000,18,053,"Grant County, IN",2005,33388,30595,2793,8.4,Grant
CN1805500000000,18,055,"Greene County, IN",2005,16768,15662,1106,6.6,Greene
CN1805700000000,18,057,"Hamilton County, IN",2005,131013,126456,4557,3.5,Hamilton
CN1805900000000,18,059,"Hancock County, IN",2005,34499,33029,1470,4.3,Hancock
CN1806100000000,18,061,"Harrison County, IN",2005,19665,18432,1233,6.3,Harrison
CN1806300000000,18,063,"Hendricks County, IN",2005,69584,66782,2802,4,Hendricks
CN1806500000000,18,065,"Henry County, IN",2005,23089,21530,1559,6.8,Henry
CN1806700000000,18,067,"Howard County, IN",2005,39247,36704,2543,6.5,Howard
CN1806900000000,18,069,"Huntington County, IN",2005,20663,19509,1154,5.6,Huntington
CN1807100000000,18,071,"Jackson County, IN",2005,22239,21169,1070,4.8,Jackson
CN1807300000000,18,073,"Jasper County, IN",2005,15254,14394,860,5.6,Jasper
CN1807500000000,18,075,"Jay County, IN",2005,11662,11039,623,5.3,Jay
CN1807700000000,18,077,"Jefferson County, IN",2005,17429,16503,926,5.3,Jefferson
CN1807900000000,18,079,"Jennings County, IN",2005,14015,13080,935,6.7,Jennings
CN1808100000000,18,081,"Johnson County, IN",2005,70198,67163,3035,4.3,Johnson
CN1808300000000,18,083,"Knox County, IN",2005,19297,18314,983,5.1,Knox
CN1808500000000,18,085,"Kosciusko County, IN",2005,41422,39644,1778,4.3,Kosciusko
CN1808700000000,18,087,"LaGrange County, IN",2005,17375,16526,849,4.9,LaGrange
CN1808900000000,18,089,"Lake County, IN",2005,225845,212017,13828,6.1,Lake
CN1809100000000,18,091,"LaPorte County, IN",2005,53173,49982,3191,6,LaPorte
CN1809300000000,18,093,"Lawrence County, IN",2005,22487,20755,1732,7.7,Lawrence
CN1809500000000,18,095,"Madison County, IN",2005,63328,59192,4136,6.5,Madison
CN1809700000000,18,097,"Marion County, IN",2005,460405,435084,25321,5.5,Marion
CN1809900000000,18,099,"Marshall County, IN",2005,22783,21600,1183,5.2,Marshall
CN1810100000000,18,101,"Martin County, IN",2005,5171,4892,279,5.4,Martin
CN1810300000000,18,103,"Miami County, IN",2005,17409,16335,1074,6.2,Miami
CN1810500000000,18,105,"Monroe County, IN",2005,66820,63620,3200,4.8,Monroe
CN1810700000000,18,107,"Montgomery County, IN",2005,19921,18997,924,4.6,Montgomery
CN1810900000000,18,109,"Morgan County, IN",2005,37282,35445,1837,4.9,Morgan
CN1811100000000,18,111,"Newton County, IN",2005,7097,6718,379,5.3,Newton
CN1811300000000,18,113,"Noble County, IN",2005,23833,22380,1453,6.1,Noble
CN1811500000000,18,115,"Ohio County, IN",2005,3158,2992,166,5.3,Ohio
CN1811700000000,18,117,"Orange County, IN",2005,9329,8645,684,7.3,Orange
CN1811900000000,18,119,"Owen County, IN",2005,11788,11055,733,6.2,Owen
CN1812100000000,18,121,"Parke County, IN",2005,8126,7607,519,6.4,Parke
CN1812300000000,18,123,"Perry County, IN",2005,9750,9184,566,5.8,Perry
CN1812500000000,18,125,"Pike County, IN",2005,6251,5905,346,5.5,Pike
CN1812700000000,18,127,"Porter County, IN",2005,81272,77431,3841,4.7,Porter
CN1812900000000,18,129,"Posey County, IN",2005,13900,13226,674,4.8,Posey
CN1813100000000,18,131,"Pulaski County, IN",2005,7090,6738,352,5,Pulaski
CN1813300000000,18,133,"Putnam County, IN",2005,17838,16659,1179,6.6,Putnam
CN1813500000000,18,135,"Randolph County, IN",2005,13124,12163,961,7.3,Randolph
CN1813700000000,18,137,"Ripley County, IN",2005,14907,14124,783,5.3,Ripley
CN1813900000000,18,139,"Rush County, IN",2005,9576,9129,447,4.7,Rush
CN1814100000000,18,141,"St. Joseph County, IN",2005,134430,127333,7097,5.3,St. Joseph
CN1814300000000,18,143,"Scott County, IN",2005,11415,10711,704,6.2,Scott
CN1814500000000,18,145,"Shelby County, IN",2005,23725,22547,1178,5,Shelby
CN1814700000000,18,147,"Spencer County, IN",2005,10747,10139,608,5.7,Spencer
CN1814900000000,18,149,"Starke County, IN",2005,10655,9915,740,6.9,Starke
CN1815100000000,18,151,"Steuben County, IN",2005,17044,15982,1062,6.2,Steuben
CN1815300000000,18,153,"Sullivan County, IN",2005,9310,8622,688,7.4,Sullivan
CN1815500000000,18,155,"Switzerland County, IN",2005,5780,5508,272,4.7,Switzerland
CN1815700000000,18,157,"Tippecanoe County, IN",2005,79546,75726,3820,4.8,Tippecanoe
CN1815900000000,18,159,"Tipton County, IN",2005,8094,7634,460,5.7,Tipton
CN1816100000000,18,161,"Union County, IN",2005,3882,3667,215,5.5,Union
CN1816300000000,18,163,"Vanderburgh County, IN",2005,91633,86880,4753,5.2,Vanderburgh
CN1816500000000,18,165,"Vermillion County, IN",2005,8145,7547,598,7.3,Vermillion
CN1816700000000,18,167,"Vigo County, IN",2005,49990,46625,3365,6.7,Vigo
CN1816900000000,18,169,"Wabash County, IN",2005,17750,16589,1161,6.5,Wabash
CN1817100000000,18,171,"Warren County, IN",2005,4789,4576,213,4.4,Warren
CN1817300000000,18,173,"Warrick County, IN",2005,30667,29248,1419,4.6,Warrick
CN1817500000000,18,175,"Washington County, IN",2005,14039,13179,860,6.1,Washington
CN1817700000000,18,177,"Wayne County, IN",2005,33085,30757,2328,7,Wayne
CN1817900000000,18,179,"Wells County, IN",2005,14893,14184,709,4.8,Wells
CN1818100000000,18,181,"White County, IN",2005,12285,11582,703,5.7,White
CN1818300000000,18,183,"Whitley County, IN",2005,17717,16822,895,5.1,Whitley
CN1800100000000,18,001,"Adams County, IN",2006,16284,15577,707,4.3,Adams
CN1800300000000,18,003,"Allen County, IN",2006,182893,173799,9094,5,Allen
CN1800500000000,18,005,"Bartholomew County, IN",2006,38321,36720,1601,4.2,Bartholomew
CN1800700000000,18,007,"Benton County, IN",2006,4629,4401,228,4.9,Benton
CN1800900000000,18,009,"Blackford County, IN",2006,6741,6304,437,6.5,Blackford
CN1801100000000,18,011,"Boone County, IN",2006,28150,27108,1042,3.7,Boone
CN1801300000000,18,013,"Brown County, IN",2006,7987,7597,390,4.9,Brown
CN1801500000000,18,015,"Carroll County, IN",2006,10598,10105,493,4.7,Carroll
CN1801700000000,18,017,"Cass County, IN",2006,18985,17963,1022,5.4,Cass
CN1801900000000,18,019,"Clark County, IN",2006,55201,52474,2727,4.9,Clark
CN1802100000000,18,021,"Clay County, IN",2006,13215,12471,744,5.6,Clay
CN1802300000000,18,023,"Clinton County, IN",2006,17060,16207,853,5,Clinton
CN1802500000000,18,025,"Crawford County, IN",2006,5325,4948,377,7.1,Crawford
CN1802700000000,18,027,"Daviess County, IN",2006,15154,14610,544,3.6,Daviess
CN1802900000000,18,029,"Dearborn County, IN",2006,26574,25158,1416,5.3,Dearborn
CN1803100000000,18,031,"Decatur County, IN",2006,12552,12009,543,4.3,Decatur
CN1803300000000,18,033,"DeKalb County, IN",2006,21581,20274,1307,6.1,DeKalb
CN1803500000000,18,035,"Delaware County, IN",2006,57051,53667,3384,5.9,Delaware
CN1803700000000,18,037,"Dubois County, IN",2006,22461,21657,804,3.6,Dubois
CN1803900000000,18,039,"Elkhart County, IN",2006,104558,99675,4883,4.7,Elkhart
CN1804100000000,18,041,"Fayette County, IN",2006,10866,10003,863,7.9,Fayette
CN1804300000000,18,043,"Floyd County, IN",2006,38320,36450,1870,4.9,Floyd
CN1804500000000,18,045,"Fountain County, IN",2006,8782,8361,421,4.8,Fountain
CN1804700000000,18,047,"Franklin County, IN",2006,12095,11395,700,5.8,Franklin
CN1804900000000,18,049,"Fulton County, IN",2006,10505,9948,557,5.3,Fulton
CN1805100000000,18,051,"Gibson County, IN",2006,17347,16571,776,4.5,Gibson
CN1805300000000,18,053,"Grant County, IN",2006,32993,30679,2314,7,Grant
CN1805500000000,18,055,"Greene County, IN",2006,16698,15757,941,5.6,Greene
CN1805700000000,18,057,"Hamilton County, IN",2006,137541,133089,4452,3.2,Hamilton
CN1805900000000,18,059,"Hancock County, IN",2006,35794,34345,1449,4,Hancock
CN1806100000000,18,061,"Harrison County, IN",2006,19861,18795,1066,5.4,Harrison
CN1806300000000,18,063,"Hendricks County, IN",2006,71976,69370,2606,3.6,Hendricks
CN1806500000000,18,065,"Henry County, IN",2006,22856,21533,1323,5.8,Henry
CN1806700000000,18,067,"Howard County, IN",2006,38993,36447,2546,6.5,Howard
CN1806900000000,18,069,"Huntington County, IN",2006,20675,19593,1082,5.2,Huntington
CN1807100000000,18,071,"Jackson County, IN",2006,22235,21267,968,4.4,Jackson
CN1807300000000,18,073,"Jasper County, IN",2006,15543,14758,785,5.1,Jasper
CN1807500000000,18,075,"Jay County, IN",2006,11802,11273,529,4.5,Jay
CN1807700000000,18,077,"Jefferson County, IN",2006,17435,16590,845,4.8,Jefferson
CN1807900000000,18,079,"Jennings County, IN",2006,13878,13075,803,5.8,Jennings
CN1808100000000,18,081,"Johnson County, IN",2006,73191,70362,2829,3.9,Johnson
CN1808300000000,18,083,"Knox County, IN",2006,19499,18580,919,4.7,Knox
CN1808500000000,18,085,"Kosciusko County, IN",2006,42047,40008,2039,4.8,Kosciusko
CN1808700000000,18,087,"LaGrange County, IN",2006,17577,16674,903,5.1,LaGrange
CN1808900000000,18,089,"Lake County, IN",2006,228130,214956,13174,5.8,Lake
CN1809100000000,18,091,"LaPorte County, IN",2006,53413,50375,3038,5.7,LaPorte
CN1809300000000,18,093,"Lawrence County, IN",2006,22897,21315,1582,6.9,Lawrence
CN1809500000000,18,095,"Madison County, IN",2006,62496,58718,3778,6,Madison
CN1809700000000,18,097,"Marion County, IN",2006,463162,440334,22828,4.9,Marion
CN1809900000000,18,099,"Marshall County, IN",2006,23122,21891,1231,5.3,Marshall
CN1810100000000,18,101,"Martin County, IN",2006,5320,5062,258,4.8,Martin
CN1810300000000,18,103,"Miami County, IN",2006,17151,16092,1059,6.2,Miami
CN1810500000000,18,105,"Monroe County, IN",2006,67762,64875,2887,4.3,Monroe
CN1810700000000,18,107,"Montgomery County, IN",2006,19796,18974,822,4.2,Montgomery
CN1810900000000,18,109,"Morgan County, IN",2006,37737,36037,1700,4.5,Morgan
CN1811100000000,18,111,"Newton County, IN",2006,7073,6722,351,5,Newton
CN1811300000000,18,113,"Noble County, IN",2006,23713,22273,1440,6.1,Noble
CN1811500000000,18,115,"Ohio County, IN",2006,3119,2954,165,5.3,Ohio
CN1811700000000,18,117,"Orange County, IN",2006,9623,8935,688,7.1,Orange
CN1811900000000,18,119,"Owen County, IN",2006,11743,11122,621,5.3,Owen
CN1812100000000,18,121,"Parke County, IN",2006,7967,7530,437,5.5,Parke
CN1812300000000,18,123,"Perry County, IN",2006,9793,9294,499,5.1,Perry
CN1812500000000,18,125,"Pike County, IN",2006,6197,5916,281,4.5,Pike
CN1812700000000,18,127,"Porter County, IN",2006,83145,79519,3626,4.4,Porter
CN1812900000000,18,129,"Posey County, IN",2006,13857,13252,605,4.4,Posey
CN1813100000000,18,131,"Pulaski County, IN",2006,6889,6575,314,4.6,Pulaski
CN1813300000000,18,133,"Putnam County, IN",2006,17781,16824,957,5.4,Putnam
CN1813500000000,18,135,"Randolph County, IN",2006,12941,12059,882,6.8,Randolph
CN1813700000000,18,137,"Ripley County, IN",2006,14459,13768,691,4.8,Ripley
CN1813900000000,18,139,"Rush County, IN",2006,9537,9110,427,4.5,Rush
CN1814100000000,18,141,"St. Joseph County, IN",2006,135286,128341,6945,5.1,St. Joseph
CN1814300000000,18,143,"Scott County, IN",2006,11433,10697,736,6.4,Scott
CN1814500000000,18,145,"Shelby County, IN",2006,23996,22937,1059,4.4,Shelby
CN1814700000000,18,147,"Spencer County, IN",2006,10672,10144,528,4.9,Spencer
CN1814900000000,18,149,"Starke County, IN",2006,10624,9929,695,6.5,Starke
CN1815100000000,18,151,"Steuben County, IN",2006,16682,15627,1055,6.3,Steuben
CN1815300000000,18,153,"Sullivan County, IN",2006,9164,8613,551,6,Sullivan
CN1815500000000,18,155,"Switzerland County, IN",2006,5700,5468,232,4.1,Switzerland
CN1815700000000,18,157,"Tippecanoe County, IN",2006,80762,77328,3434,4.3,Tippecanoe
CN1815900000000,18,159,"Tipton County, IN",2006,8054,7619,435,5.4,Tipton
CN1816100000000,18,161,"Union County, IN",2006,3917,3702,215,5.5,Union
CN1816300000000,18,163,"Vanderburgh County, IN",2006,91797,87418,4379,4.8,Vanderburgh
CN1816500000000,18,165,"Vermillion County, IN",2006,8186,7655,531,6.5,Vermillion
CN1816700000000,18,167,"Vigo County, IN",2006,50444,47247,3197,6.3,Vigo
CN1816900000000,18,169,"Wabash County, IN",2006,17794,16814,980,5.5,Wabash
CN1817100000000,18,171,"Warren County, IN",2006,4810,4617,193,4,Warren
CN1817300000000,18,173,"Warrick County, IN",2006,31077,29780,1297,4.2,Warrick
CN1817500000000,18,175,"Washington County, IN",2006,14347,13463,884,6.2,Washington
CN1817700000000,18,177,"Wayne County, IN",2006,34309,32309,2000,5.8,Wayne
CN1817900000000,18,179,"Wells County, IN",2006,15081,14429,652,4.3,Wells
CN1818100000000,18,181,"White County, IN",2006,12201,11593,608,5,White
CN1818300000000,18,183,"Whitley County, IN",2006,18023,17166,857,4.8,Whitley
CN1800100000000,18,001,"Adams County, IN",2007,15995,15301,694,4.3,Adams
CN1800300000000,18,003,"Allen County, IN",2007,181127,172368,8759,4.8,Allen
CN1800500000000,18,005,"Bartholomew County, IN",2007,38625,37214,1411,3.7,Bartholomew
CN1800700000000,18,007,"Benton County, IN",2007,4347,4153,194,4.5,Benton
CN1800900000000,18,009,"Blackford County, IN",2007,6565,6181,384,5.8,Blackford
CN1801100000000,18,011,"Boone County, IN",2007,28018,27037,981,3.5,Boone
CN1801300000000,18,013,"Brown County, IN",2007,7631,7292,339,4.4,Brown
CN1801500000000,18,015,"Carroll County, IN",2007,9948,9538,410,4.1,Carroll
CN1801700000000,18,017,"Cass County, IN",2007,18715,17785,930,5,Cass
CN1801900000000,18,019,"Clark County, IN",2007,55264,52830,2434,4.4,Clark
CN1802100000000,18,021,"Clay County, IN",2007,12909,12150,759,5.9,Clay
CN1802300000000,18,023,"Clinton County, IN",2007,16806,16038,768,4.6,Clinton
CN1802500000000,18,025,"Crawford County, IN",2007,5251,4928,323,6.2,Crawford
CN1802700000000,18,027,"Daviess County, IN",2007,15154,14683,471,3.1,Daviess
CN1802900000000,18,029,"Dearborn County, IN",2007,26154,24816,1338,5.1,Dearborn
CN1803100000000,18,031,"Decatur County, IN",2007,12337,11769,568,4.6,Decatur
CN1803300000000,18,033,"DeKalb County, IN",2007,20747,19594,1153,5.6,DeKalb
CN1803500000000,18,035,"Delaware County, IN",2007,55270,52303,2967,5.4,Delaware
CN1803700000000,18,037,"Dubois County, IN",2007,22194,21503,691,3.1,Dubois
CN1803900000000,18,039,"Elkhart County, IN",2007,101534,96807,4727,4.7,Elkhart
CN1804100000000,18,041,"Fayette County, IN",2007,10458,9690,768,7.3,Fayette
CN1804300000000,18,043,"Floyd County, IN",2007,38033,36432,1601,4.2,Floyd
CN1804500000000,18,045,"Fountain County, IN",2007,8671,8302,369,4.3,Fountain
CN1804700000000,18,047,"Franklin County, IN",2007,11812,11152,660,5.6,Franklin
CN1804900000000,18,049,"Fulton County, IN",2007,10387,9878,509,4.9,Fulton
CN1805100000000,18,051,"Gibson County, IN",2007,16796,16018,778,4.6,Gibson
CN1805300000000,18,053,"Grant County, IN",2007,31759,29777,1982,6.2,Grant
CN1805500000000,18,055,"Greene County, IN",2007,15847,15023,824,5.2,Greene
CN1805700000000,18,057,"Hamilton County, IN",2007,141026,136830,4196,3,Hamilton
CN1805900000000,18,059,"Hancock County, IN",2007,35896,34524,1372,3.8,Hancock
CN1806100000000,18,061,"Harrison County, IN",2007,19453,18566,887,4.6,Harrison
CN1806300000000,18,063,"Hendricks County, IN",2007,72569,70157,2412,3.3,Hendricks
CN1806500000000,18,065,"Henry County, IN",2007,22520,21197,1323,5.9,Henry
CN1806700000000,18,067,"Howard County, IN",2007,37678,35578,2100,5.6,Howard
CN1806900000000,18,069,"Huntington County, IN",2007,20070,19105,965,4.8,Huntington
CN1807100000000,18,071,"Jackson County, IN",2007,21940,21069,871,4,Jackson
CN1807300000000,18,073,"Jasper County, IN",2007,15546,14798,748,4.8,Jasper
CN1807500000000,18,075,"Jay County, IN",2007,11634,11122,512,4.4,Jay
CN1807700000000,18,077,"Jefferson County, IN",2007,17120,16268,852,5,Jefferson
CN1807900000000,18,079,"Jennings County, IN",2007,13697,12985,712,5.2,Jennings
CN1808100000000,18,081,"Johnson County, IN",2007,73362,70759,2603,3.5,Johnson
CN1808300000000,18,083,"Knox County, IN",2007,19768,18964,804,4.1,Knox
CN1808500000000,18,085,"Kosciusko County, IN",2007,41176,39332,1844,4.5,Kosciusko
CN1808700000000,18,087,"LaGrange County, IN",2007,17068,16221,847,5,LaGrange
CN1808900000000,18,089,"Lake County, IN",2007,226645,214748,11897,5.2,Lake
CN1809100000000,18,091,"LaPorte County, IN",2007,52699,49992,2707,5.1,LaPorte
CN1809300000000,18,093,"Lawrence County, IN",2007,22189,20728,1461,6.6,Lawrence
CN1809500000000,18,095,"Madison County, IN",2007,60693,56789,3904,6.4,Madison
CN1809700000000,18,097,"Marion County, IN",2007,461101,439900,21201,4.6,Marion
CN1809900000000,18,099,"Marshall County, IN",2007,22846,21726,1120,4.9,Marshall
CN1810100000000,18,101,"Martin County, IN",2007,5144,4941,203,3.9,Martin
CN1810300000000,18,103,"Miami County, IN",2007,16505,15556,949,5.7,Miami
CN1810500000000,18,105,"Monroe County, IN",2007,68825,66219,2606,3.8,Monroe
CN1810700000000,18,107,"Montgomery County, IN",2007,19292,18537,755,3.9,Montgomery
CN1810900000000,18,109,"Morgan County, IN",2007,36890,35327,1563,4.2,Morgan
CN1811100000000,18,111,"Newton County, IN",2007,6984,6612,372,5.3,Newton
CN1811300000000,18,113,"Noble County, IN",2007,23217,21937,1280,5.5,Noble
CN1811500000000,18,115,"Ohio County, IN",2007,3033,2881,152,5,Ohio
CN1811700000000,18,117,"Orange County, IN",2007,10480,9934,546,5.2,Orange
CN1811900000000,18,119,"Owen County, IN",2007,11217,10657,560,5,Owen
CN1812100000000,18,121,"Parke County, IN",2007,8043,7637,406,5,Parke
CN1812300000000,18,123,"Perry County, IN",2007,9727,9289,438,4.5,Perry
CN1812500000000,18,125,"Pike County, IN",2007,6021,5758,263,4.4,Pike
CN1812700000000,18,127,"Porter County, IN",2007,83254,80017,3237,3.9,Porter
CN1812900000000,18,129,"Posey County, IN",2007,13394,12816,578,4.3,Posey
CN1813100000000,18,131,"Pulaski County, IN",2007,6815,6528,287,4.2,Pulaski
CN1813300000000,18,133,"Putnam County, IN",2007,17560,16607,953,5.4,Putnam
CN1813500000000,18,135,"Randolph County, IN",2007,12687,11961,726,5.7,Randolph
CN1813700000000,18,137,"Ripley County, IN",2007,13942,13300,642,4.6,Ripley
CN1813900000000,18,139,"Rush County, IN",2007,9470,9034,436,4.6,Rush
CN1814100000000,18,141,"St. Joseph County, IN",2007,133094,126489,6605,5,St. Joseph
CN1814300000000,18,143,"Scott County, IN",2007,11080,10490,590,5.3,Scott
CN1814500000000,18,145,"Shelby County, IN",2007,23635,22592,1043,4.4,Shelby
CN1814700000000,18,147,"Spencer County, IN",2007,10450,10008,442,4.2,Spencer
CN1814900000000,18,149,"Starke County, IN",2007,10478,9850,628,6,Starke
CN1815100000000,18,151,"Steuben County, IN",2007,16535,15530,1005,6.1,Steuben
CN1815300000000,18,153,"Sullivan County, IN",2007,8939,8439,500,5.6,Sullivan
CN1815500000000,18,155,"Switzerland County, IN",2007,5700,5475,225,3.9,Switzerland
CN1815700000000,18,157,"Tippecanoe County, IN",2007,81689,78413,3276,4,Tippecanoe
CN1815900000000,18,159,"Tipton County, IN",2007,7726,7361,365,4.7,Tipton
CN1816100000000,18,161,"Union County, IN",2007,3626,3454,172,4.7,Union
CN1816300000000,18,163,"Vanderburgh County, IN",2007,91023,86688,4335,4.8,Vanderburgh
CN1816500000000,18,165,"Vermillion County, IN",2007,7909,7459,450,5.7,Vermillion
CN1816700000000,18,167,"Vigo County, IN",2007,50239,47540,2699,5.4,Vigo
CN1816900000000,18,169,"Wabash County, IN",2007,17031,16198,833,4.9,Wabash
CN1817100000000,18,171,"Warren County, IN",2007,5001,4838,163,3.3,Warren
CN1817300000000,18,173,"Warrick County, IN",2007,30555,29350,1205,3.9,Warrick
CN1817500000000,18,175,"Washington County, IN",2007,14044,13298,746,5.3,Washington
CN1817700000000,18,177,"Wayne County, IN",2007,33881,32034,1847,5.5,Wayne
CN1817900000000,18,179,"Wells County, IN",2007,14702,14083,619,4.2,Wells
CN1818100000000,18,181,"White County, IN",2007,12313,11762,551,4.5,White
CN1818300000000,18,183,"Whitley County, IN",2007,17777,16970,807,4.5,Whitley
CN1800100000000,18,001,"Adams County, IN",2008,15637,14442,1195,7.6,Adams
CN1800300000000,18,003,"Allen County, IN",2008,182664,171763,10901,6,Allen
CN1800500000000,18,005,"Bartholomew County, IN",2008,39856,38008,1848,4.6,Bartholomew
CN1800700000000,18,007,"Benton County, IN",2008,4438,4205,233,5.3,Benton
CN1800900000000,18,009,"Blackford County, IN",2008,6533,6034,499,7.6,Blackford
CN1801100000000,18,011,"Boone County, IN",2008,28644,27402,1242,4.3,Boone
CN1801300000000,18,013,"Brown County, IN",2008,7645,7211,434,5.7,Brown
CN1801500000000,18,015,"Carroll County, IN",2008,10247,9645,602,5.9,Carroll
CN1801700000000,18,017,"Cass County, IN",2008,18945,17756,1189,6.3,Cass
CN1801900000000,18,019,"Clark County, IN",2008,56488,53475,3013,5.3,Clark
CN1802100000000,18,021,"Clay County, IN",2008,12969,12050,919,7.1,Clay
CN1802300000000,18,023,"Clinton County, IN",2008,17006,16076,930,5.5,Clinton
CN1802500000000,18,025,"Crawford County, IN",2008,5428,5020,408,7.5,Crawford
CN1802700000000,18,027,"Daviess County, IN",2008,15316,14730,586,3.8,Daviess
CN1802900000000,18,029,"Dearborn County, IN",2008,26442,24893,1549,5.9,Dearborn
CN1803100000000,18,031,"Decatur County, IN",2008,12775,11975,800,6.3,Decatur
CN1803300000000,18,033,"DeKalb County, IN",2008,20773,19263,1510,7.3,DeKalb
CN1803500000000,18,035,"Delaware County, IN",2008,55889,52145,3744,6.7,Delaware
CN1803700000000,18,037,"Dubois County, IN",2008,22462,21597,865,3.9,Dubois
CN1803900000000,18,039,"Elkhart County, IN",2008,98536,90103,8433,8.6,Elkhart
CN1804100000000,18,041,"Fayette County, IN",2008,10155,9000,1155,11.4,Fayette
CN1804300000000,18,043,"Floyd County, IN",2008,38637,36666,1971,5.1,Floyd
CN1804500000000,18,045,"Fountain County, IN",2008,8717,8253,464,5.3,Fountain
CN1804700000000,18,047,"Franklin County, IN",2008,11978,11188,790,6.6,Franklin
CN1804900000000,18,049,"Fulton County, IN",2008,10354,9675,679,6.6,Fulton
CN1805100000000,18,051,"Gibson County, IN",2008,16956,16076,880,5.2,Gibson
CN1805300000000,18,053,"Grant County, IN",2008,32629,30149,2480,7.6,Grant
CN1805500000000,18,055,"Greene County, IN",2008,16133,15138,995,6.2,Greene
CN1805700000000,18,057,"Hamilton County, IN",2008,146241,140670,5571,3.8,Hamilton
CN1805900000000,18,059,"Hancock County, IN",2008,36696,34930,1766,4.8,Hancock
CN1806100000000,18,061,"Harrison County, IN",2008,19801,18635,1166,5.9,Harrison
CN1806300000000,18,063,"Hendricks County, IN",2008,74558,71348,3210,4.3,Hendricks
CN1806500000000,18,065,"Henry County, IN",2008,22893,21292,1601,7,Henry
CN1806700000000,18,067,"Howard County, IN",2008,37394,34479,2915,7.8,Howard
CN1806900000000,18,069,"Huntington County, IN",2008,20330,18972,1358,6.7,Huntington
CN1807100000000,18,071,"Jackson County, IN",2008,21954,20784,1170,5.3,Jackson
CN1807300000000,18,073,"Jasper County, IN",2008,15868,14943,925,5.8,Jasper
CN1807500000000,18,075,"Jay County, IN",2008,11840,11154,686,5.8,Jay
CN1807700000000,18,077,"Jefferson County, IN",2008,16871,15845,1026,6.1,Jefferson
CN1807900000000,18,079,"Jennings County, IN",2008,13897,12903,994,7.2,Jennings
CN1808100000000,18,081,"Johnson County, IN",2008,75758,72218,3540,4.7,Johnson
CN1808300000000,18,083,"Knox County, IN",2008,20339,19316,1023,5,Knox
CN1808500000000,18,085,"Kosciusko County, IN",2008,42381,39613,2768,6.5,Kosciusko
CN1808700000000,18,087,"LaGrange County, IN",2008,16720,15283,1437,8.6,LaGrange
CN1808900000000,18,089,"Lake County, IN",2008,230088,215815,14273,6.2,Lake
CN1809100000000,18,091,"LaPorte County, IN",2008,53096,49789,3307,6.2,LaPorte
CN1809300000000,18,093,"Lawrence County, IN",2008,22228,20386,1842,8.3,Lawrence
CN1809500000000,18,095,"Madison County, IN",2008,61889,57593,4296,6.9,Madison
CN1809700000000,18,097,"Marion County, IN",2008,466690,440414,26276,5.6,Marion
CN1809900000000,18,099,"Marshall County, IN",2008,23354,21651,1703,7.3,Marshall
CN1810100000000,18,101,"Martin County, IN",2008,5182,4930,252,4.9,Martin
CN1810300000000,18,103,"Miami County, IN",2008,16727,15398,1329,7.9,Miami
CN1810500000000,18,105,"Monroe County, IN",2008,70335,67142,3193,4.5,Monroe
CN1810700000000,18,107,"Montgomery County, IN",2008,19235,18285,950,4.9,Montgomery
CN1810900000000,18,109,"Morgan County, IN",2008,37803,35626,2177,5.8,Morgan
CN1811100000000,18,111,"Newton County, IN",2008,7025,6585,440,6.3,Newton
CN1811300000000,18,113,"Noble County, IN",2008,22917,20978,1939,8.5,Noble
CN1811500000000,18,115,"Ohio County, IN",2008,3067,2877,190,6.2,Ohio
CN1811700000000,18,117,"Orange County, IN",2008,10481,9812,669,6.4,Orange
CN1811900000000,18,119,"Owen County, IN",2008,11501,10765,736,6.4,Owen
CN1812100000000,18,121,"Parke County, IN",2008,8114,7625,489,6,Parke
CN1812300000000,18,123,"Perry County, IN",2008,9779,9273,506,5.2,Perry
CN1812500000000,18,125,"Pike County, IN",2008,6077,5735,342,5.6,Pike
CN1812700000000,18,127,"Porter County, IN",2008,85002,80937,4065,4.8,Porter
CN1812900000000,18,129,"Posey County, IN",2008,13462,12806,656,4.9,Posey
CN1813100000000,18,131,"Pulaski County, IN",2008,6849,6464,385,5.6,Pulaski
CN1813300000000,18,133,"Putnam County, IN",2008,17835,16634,1201,6.7,Putnam
CN1813500000000,18,135,"Randolph County, IN",2008,12812,11928,884,6.9,Randolph
CN1813700000000,18,137,"Ripley County, IN",2008,14157,13314,843,6,Ripley
CN1813900000000,18,139,"Rush County, IN",2008,9301,8728,573,6.2,Rush
CN1814100000000,18,141,"St. Joseph County, IN",2008,133896,125108,8788,6.6,St. Joseph
CN1814300000000,18,143,"Scott County, IN",2008,11182,10457,725,6.5,Scott
CN1814500000000,18,145,"Shelby County, IN",2008,23995,22590,1405,5.9,Shelby
CN1814700000000,18,147,"Spencer County, IN",2008,10598,10061,537,5.1,Spencer
CN1814900000000,18,149,"Starke County, IN",2008,10780,9945,835,7.7,Starke
CN1815100000000,18,151,"Steuben County, IN",2008,16298,15078,1220,7.5,Steuben
CN1815300000000,18,153,"Sullivan County, IN",2008,8936,8337,599,6.7,Sullivan
CN1815500000000,18,155,"Switzerland County, IN",2008,5737,5448,289,5,Switzerland
CN1815700000000,18,157,"Tippecanoe County, IN",2008,84189,80217,3972,4.7,Tippecanoe
CN1815900000000,18,159,"Tipton County, IN",2008,7655,7102,553,7.2,Tipton
CN1816100000000,18,161,"Union County, IN",2008,3631,3406,225,6.2,Union
CN1816300000000,18,163,"Vanderburgh County, IN",2008,92174,87386,4788,5.2,Vanderburgh
CN1816500000000,18,165,"Vermillion County, IN",2008,7868,7299,569,7.2,Vermillion
CN1816700000000,18,167,"Vigo County, IN",2008,50784,47519,3265,6.4,Vigo
CN1816900000000,18,169,"Wabash County, IN",2008,16665,15413,1252,7.5,Wabash
CN1817100000000,18,171,"Warren County, IN",2008,4832,4633,199,4.1,Warren
CN1817300000000,18,173,"Warrick County, IN",2008,31278,29828,1450,4.6,Warrick
CN1817500000000,18,175,"Washington County, IN",2008,14212,13268,944,6.6,Washington
CN1817700000000,18,177,"Wayne County, IN",2008,33529,31147,2382,7.1,Wayne
CN1817900000000,18,179,"Wells County, IN",2008,14849,14012,837,5.6,Wells
CN1818100000000,18,181,"White County, IN",2008,12505,11783,722,5.8,White
CN1818300000000,18,183,"Whitley County, IN",2008,18012,16867,1145,6.4,Whitley
CN1800100000000,18,001,"Adams County, IN",2009,15249,13044,2205,14.5,Adams
CN1800300000000,18,003,"Allen County, IN",2009,179813,161173,18640,10.4,Allen
CN1800500000000,18,005,"Bartholomew County, IN",2009,38799,35123,3676,9.5,Bartholomew
CN1800700000000,18,007,"Benton County, IN",2009,4323,3897,426,9.9,Benton
CN1800900000000,18,009,"Blackford County, IN",2009,6468,5568,900,13.9,Blackford
CN1801100000000,18,011,"Boone County, IN",2009,28548,26361,2187,7.7,Boone
CN1801300000000,18,013,"Brown County, IN",2009,7520,6781,739,9.8,Brown
CN1801500000000,18,015,"Carroll County, IN",2009,10107,9046,1061,10.5,Carroll
CN1801700000000,18,017,"Cass County, IN",2009,18894,16647,2247,11.9,Cass
CN1801900000000,18,019,"Clark County, IN",2009,56541,51667,4874,8.6,Clark
CN1802100000000,18,021,"Clay County, IN",2009,13123,11661,1462,11.1,Clay
CN1802300000000,18,023,"Clinton County, IN",2009,17102,15280,1822,10.7,Clinton
CN1802500000000,18,025,"Crawford County, IN",2009,5262,4623,639,12.1,Crawford
CN1802700000000,18,027,"Daviess County, IN",2009,15077,14201,876,5.8,Daviess
CN1802900000000,18,029,"Dearborn County, IN",2009,26334,23776,2558,9.7,Dearborn
CN1803100000000,18,031,"Decatur County, IN",2009,12739,11175,1564,12.3,Decatur
CN1803300000000,18,033,"DeKalb County, IN",2009,20531,17754,2777,13.5,DeKalb
CN1803500000000,18,035,"Delaware County, IN",2009,55839,49943,5896,10.6,Delaware
CN1803700000000,18,037,"Dubois County, IN",2009,22264,20621,1643,7.4,Dubois
CN1803900000000,18,039,"Elkhart County, IN",2009,91453,75249,16204,17.7,Elkhart
CN1804100000000,18,041,"Fayette County, IN",2009,9937,8446,1491,15,Fayette
CN1804300000000,18,043,"Floyd County, IN",2009,38331,35091,3240,8.5,Floyd
CN1804500000000,18,045,"Fountain County, IN",2009,8481,7417,1064,12.5,Fountain
CN1804700000000,18,047,"Franklin County, IN",2009,11704,10488,1216,10.4,Franklin
CN1804900000000,18,049,"Fulton County, IN",2009,10089,8817,1272,12.6,Fulton
CN1805100000000,18,051,"Gibson County, IN",2009,16897,15433,1464,8.7,Gibson
CN1805300000000,18,053,"Grant County, IN",2009,33361,29483,3878,11.6,Grant
CN1805500000000,18,055,"Greene County, IN",2009,16138,14778,1360,8.4,Greene
CN1805700000000,18,057,"Hamilton County, IN",2009,146511,136960,9551,6.5,Hamilton
CN1805900000000,18,059,"Hancock County, IN",2009,36441,33366,3075,8.4,Hancock
CN1806100000000,18,061,"Harrison County, IN",2009,19708,17915,1793,9.1,Harrison
CN1806300000000,18,063,"Hendricks County, IN",2009,74355,68749,5606,7.5,Hendricks
CN1806500000000,18,065,"Henry County, IN",2009,22986,20105,2881,12.5,Henry
CN1806700000000,18,067,"Howard County, IN",2009,35925,30666,5259,14.6,Howard
CN1806900000000,18,069,"Huntington County, IN",2009,19905,17381,2524,12.7,Huntington
CN1807100000000,18,071,"Jackson County, IN",2009,21444,19081,2363,11,Jackson
CN1807300000000,18,073,"Jasper County, IN",2009,15830,14236,1594,10.1,Jasper
CN1807500000000,18,075,"Jay County, IN",2009,11469,10189,1280,11.2,Jay
CN1807700000000,18,077,"Jefferson County, IN",2009,16723,14925,1798,10.8,Jefferson
CN1807900000000,18,079,"Jennings County, IN",2009,13746,11895,1851,13.5,Jennings
CN1808100000000,18,081,"Johnson County, IN",2009,75219,69064,6155,8.2,Johnson
CN1808300000000,18,083,"Knox County, IN",2009,20003,18535,1468,7.3,Knox
CN1808500000000,18,085,"Kosciusko County, IN",2009,41760,36648,5112,12.2,Kosciusko
CN1808700000000,18,087,"LaGrange County, IN",2009,15675,12971,2704,17.3,LaGrange
CN1808900000000,18,089,"Lake County, IN",2009,228089,204058,24031,10.5,Lake
CN1809100000000,18,091,"LaPorte County, IN",2009,53056,46830,6226,11.7,LaPorte
CN1809300000000,18,093,"Lawrence County, IN",2009,21963,19097,2866,13,Lawrence
CN1809500000000,18,095,"Madison County, IN",2009,62943,56148,6795,10.8,Madison
CN1809700000000,18,097,"Marion County, IN",2009,461743,419150,42593,9.2,Marion
CN1809900000000,18,099,"Marshall County, IN",2009,22739,19699,3040,13.4,Marshall
CN1810100000000,18,101,"Martin County, IN",2009,5270,4891,379,7.2,Martin
CN1810300000000,18,103,"Miami County, IN",2009,16319,13981,2338,14.3,Miami
CN1810500000000,18,105,"Monroe County, IN",2009,71226,66668,4558,6.4,Monroe
CN1810700000000,18,107,"Montgomery County, IN",2009,18960,17057,1903,10,Montgomery
CN1810900000000,18,109,"Morgan County, IN",2009,36964,33604,3360,9.1,Morgan
CN1811100000000,18,111,"Newton County, IN",2009,6897,6133,764,11.1,Newton
CN1811300000000,18,113,"Noble County, IN",2009,22349,18548,3801,17,Noble
CN1811500000000,18,115,"Ohio County, IN",2009,3116,2784,332,10.7,Ohio
CN1811700000000,18,117,"Orange County, IN",2009,10545,9429,1116,10.6,Orange
CN1811900000000,18,119,"Owen County, IN",2009,11643,10557,1086,9.3,Owen
CN1812100000000,18,121,"Parke County, IN",2009,8106,7304,802,9.9,Parke
CN1812300000000,18,123,"Perry County, IN",2009,9705,8725,980,10.1,Perry
CN1812500000000,18,125,"Pike County, IN",2009,5904,5346,558,9.5,Pike
CN1812700000000,18,127,"Porter County, IN",2009,84991,77133,7858,9.2,Porter
CN1812900000000,18,129,"Posey County, IN",2009,13300,12227,1073,8.1,Posey
CN1813100000000,18,131,"Pulaski County, IN",2009,6812,6109,703,10.3,Pulaski
CN1813300000000,18,133,"Putnam County, IN",2009,17377,15500,1877,10.8,Putnam
CN1813500000000,18,135,"Randolph County, IN",2009,12963,11429,1534,11.8,Randolph
CN1813700000000,18,137,"Ripley County, IN",2009,13889,12402,1487,10.7,Ripley
CN1813900000000,18,139,"Rush County, IN",2009,9168,8216,952,10.4,Rush
CN1814100000000,18,141,"St. Joseph County, IN",2009,130258,115442,14816,11.4,St. Joseph
CN1814300000000,18,143,"Scott County, IN",2009,11047,9633,1414,12.8,Scott
CN1814500000000,18,145,"Shelby County, IN",2009,23863,21398,2465,10.3,Shelby
CN1814700000000,18,147,"Spencer County, IN",2009,10484,9529,955,9.1,Spencer
CN1814900000000,18,149,"Starke County, IN",2009,10824,9303,1521,14.1,Starke
CN1815100000000,18,151,"Steuben County, IN",2009,16444,14074,2370,14.4,Steuben
CN1815300000000,18,153,"Sullivan County, IN",2009,8930,8053,877,9.8,Sullivan
CN1815500000000,18,155,"Switzerland County, IN",2009,5726,5278,448,7.8,Switzerland
CN1815700000000,18,157,"Tippecanoe County, IN",2009,85042,77376,7666,9,Tippecanoe
CN1815900000000,18,159,"Tipton County, IN",2009,7281,6342,939,12.9,Tipton
CN1816100000000,18,161,"Union County, IN",2009,3560,3199,361,10.1,Union
CN1816300000000,18,163,"Vanderburgh County, IN",2009,91441,84013,7428,8.1,Vanderburgh
CN1816500000000,18,165,"Vermillion County, IN",2009,8045,7082,963,12,Vermillion
CN1816700000000,18,167,"Vigo County, IN",2009,51426,46281,5145,10,Vigo
CN1816900000000,18,169,"Wabash County, IN",2009,16476,14346,2130,12.9,Wabash
CN1817100000000,18,171,"Warren County, IN",2009,4688,4202,486,10.4,Warren
CN1817300000000,18,173,"Warrick County, IN",2009,31380,28989,2391,7.6,Warrick
CN1817500000000,18,175,"Washington County, IN",2009,14164,12488,1676,11.8,Washington
CN1817700000000,18,177,"Wayne County, IN",2009,32583,28602,3981,12.2,Wayne
CN1817900000000,18,179,"Wells County, IN",2009,14352,12836,1516,10.6,Wells
CN1818100000000,18,181,"White County, IN",2009,12540,11167,1373,10.9,White
CN1818300000000,18,183,"Whitley County, IN",2009,18012,15769,2243,12.5,Whitley
CN1800100000000,18,001,"Adams County, IN",2010,16420,14824,1596,9.7,Adams
CN1800300000000,18,003,"Allen County, IN",2010,176201,157966,18235,10.3,Allen
CN1800500000000,18,005,"Bartholomew County, IN",2010,38450,34916,3534,9.2,Bartholomew
CN1800700000000,18,007,"Benton County, IN",2010,4670,4256,414,8.9,Benton
CN1800900000000,18,009,"Blackford County, IN",2010,5845,5035,810,13.9,Blackford
CN1801100000000,18,011,"Boone County, IN",2010,29461,27310,2151,7.3,Boone
CN1801300000000,18,013,"Brown County, IN",2010,7576,6818,758,10,Brown
CN1801500000000,18,015,"Carroll County, IN",2010,10269,9289,980,9.5,Carroll
CN1801700000000,18,017,"Cass County, IN",2010,18873,16902,1971,10.4,Cass
CN1801900000000,18,019,"Clark County, IN",2010,55393,50315,5078,9.2,Clark
CN1802100000000,18,021,"Clay County, IN",2010,13195,11776,1419,10.8,Clay
CN1802300000000,18,023,"Clinton County, IN",2010,16924,15268,1656,9.8,Clinton
CN1802500000000,18,025,"Crawford County, IN",2010,4920,4306,614,12.5,Crawford
CN1802700000000,18,027,"Daviess County, IN",2010,14789,13865,924,6.2,Daviess
CN1802900000000,18,029,"Dearborn County, IN",2010,25555,22876,2679,10.5,Dearborn
CN1803100000000,18,031,"Decatur County, IN",2010,12928,11477,1451,11.2,Decatur
CN1803300000000,18,033,"DeKalb County, IN",2010,20609,18237,2372,11.5,DeKalb
CN1803500000000,18,035,"Delaware County, IN",2010,54756,48666,6090,11.1,Delaware
CN1803700000000,18,037,"Dubois County, IN",2010,21982,20396,1586,7.2,Dubois
CN1803900000000,18,039,"Elkhart County, IN",2010,94508,82343,12165,12.9,Elkhart
CN1804100000000,18,041,"Fayette County, IN",2010,9766,8387,1379,14.1,Fayette
CN1804300000000,18,043,"Floyd County, IN",2010,37922,34693,3229,8.5,Floyd
CN1804500000000,18,045,"Fountain County, IN",2010,8608,7628,980,11.4,Fountain
CN1804700000000,18,047,"Franklin County, IN",2010,11401,10143,1258,11,Franklin
CN1804900000000,18,049,"Fulton County, IN",2010,10293,9159,1134,11,Fulton
CN1805100000000,18,051,"Gibson County, IN",2010,16934,15627,1307,7.7,Gibson
CN1805300000000,18,053,"Grant County, IN",2010,33587,29828,3759,11.2,Grant
CN1805500000000,18,055,"Greene County, IN",2010,14410,12927,1483,10.3,Greene
CN1805700000000,18,057,"Hamilton County, IN",2010,145270,135893,9377,6.5,Hamilton
CN1805900000000,18,059,"Hancock County, IN",2010,35861,32668,3193,8.9,Hancock
CN1806100000000,18,061,"Harrison County, IN",2010,19018,17211,1807,9.5,Harrison
CN1806300000000,18,063,"Hendricks County, IN",2010,74891,69226,5665,7.6,Hendricks
CN1806500000000,18,065,"Henry County, IN",2010,21388,18526,2862,13.4,Henry
CN1806700000000,18,067,"Howard County, IN",2010,35820,31470,4350,12.1,Howard
CN1806900000000,18,069,"Huntington County, IN",2010,19052,16865,2187,11.5,Huntington
CN1807100000000,18,071,"Jackson County, IN",2010,20505,18423,2082,10.2,Jackson
CN1807300000000,18,073,"Jasper County, IN",2010,16161,14535,1626,10.1,Jasper
CN1807500000000,18,075,"Jay County, IN",2010,10637,9545,1092,10.3,Jay
CN1807700000000,18,077,"Jefferson County, IN",2010,15481,13783,1698,11,Jefferson
CN1807900000000,18,079,"Jennings County, IN",2010,13307,11644,1663,12.5,Jennings
CN1808100000000,18,081,"Johnson County, IN",2010,71714,65638,6076,8.5,Johnson
CN1808300000000,18,083,"Knox County, IN",2010,18561,17099,1462,7.9,Knox
CN1808500000000,18,085,"Kosciusko County, IN",2010,39267,35089,4178,10.6,Kosciusko
CN1808700000000,18,087,"LaGrange County, IN",2010,16579,14653,1926,11.6,LaGrange
CN1808900000000,18,089,"Lake County, IN",2010,229354,205519,23835,10.4,Lake
CN1809100000000,18,091,"LaPorte County, IN",2010,51368,45403,5965,11.6,LaPorte
CN1809300000000,18,093,"Lawrence County, IN",2010,20736,18198,2538,12.2,Lawrence
CN1809500000000,18,095,"Madison County, IN",2010,59445,52526,6919,11.6,Madison
CN1809700000000,18,097,"Marion County, IN",2010,453408,407272,46136,10.2,Marion
CN1809900000000,18,099,"Marshall County, IN",2010,23498,20936,2562,10.9,Marshall
CN1810100000000,18,101,"Martin County, IN",2010,5277,4892,385,7.3,Martin
CN1810300000000,18,103,"Miami County, IN",2010,15954,14032,1922,12,Miami
CN1810500000000,18,105,"Monroe County, IN",2010,67897,62715,5182,7.6,Monroe
CN1810700000000,18,107,"Montgomery County, IN",2010,18914,17062,1852,9.8,Montgomery
CN1810900000000,18,109,"Morgan County, IN",2010,35071,31564,3507,10,Morgan
CN1811100000000,18,111,"Newton County, IN",2010,7082,6307,775,10.9,Newton
CN1811300000000,18,113,"Noble County, IN",2010,23015,20093,2922,12.7,Noble
CN1811500000000,18,115,"Ohio County, IN",2010,3266,2918,348,10.7,Ohio
CN1811700000000,18,117,"Orange County, IN",2010,9106,7992,1114,12.2,Orange
CN1811900000000,18,119,"Owen County, IN",2010,10325,9175,1150,11.1,Owen
CN1812100000000,18,121,"Parke County, IN",2010,7340,6566,774,10.5,Parke
CN1812300000000,18,123,"Perry County, IN",2010,8943,8030,913,10.2,Perry
CN1812500000000,18,125,"Pike County, IN",2010,6212,5642,570,9.2,Pike
CN1812700000000,18,127,"Porter County, IN",2010,81750,74277,7473,9.1,Porter
CN1812900000000,18,129,"Posey County, IN",2010,13520,12508,1012,7.5,Posey
CN1813100000000,18,131,"Pulaski County, IN",2010,6379,5767,612,9.6,Pulaski
CN1813300000000,18,133,"Putnam County, IN",2010,16688,14812,1876,11.2,Putnam
CN1813500000000,18,135,"Randolph County, IN",2010,13029,11549,1480,11.4,Randolph
CN1813700000000,18,137,"Ripley County, IN",2010,14537,12968,1569,10.8,Ripley
CN1813900000000,18,139,"Rush County, IN",2010,8693,7758,935,10.8,Rush
CN1814100000000,18,141,"St. Joseph County, IN",2010,130572,116011,14561,11.2,St. Joseph
CN1814300000000,18,143,"Scott County, IN",2010,10591,9245,1346,12.7,Scott
CN1814500000000,18,145,"Shelby County, IN",2010,22735,20333,2402,10.6,Shelby
CN1814700000000,18,147,"Spencer County, IN",2010,11017,10084,933,8.5,Spencer
CN1814900000000,18,149,"Starke County, IN",2010,10445,9101,1344,12.9,Starke
CN1815100000000,18,151,"Steuben County, IN",2010,18456,16474,1982,10.7,Steuben
CN1815300000000,18,153,"Sullivan County, IN",2010,9096,8214,882,9.7,Sullivan
CN1815500000000,18,155,"Switzerland County, IN",2010,5035,4583,452,9,Switzerland
CN1815700000000,18,157,"Tippecanoe County, IN",2010,86664,79292,7372,8.5,Tippecanoe
CN1815900000000,18,159,"Tipton County, IN",2010,8056,7260,796,9.9,Tipton
CN1816100000000,18,161,"Union County, IN",2010,3734,3364,370,9.9,Union
CN1816300000000,18,163,"Vanderburgh County, IN",2010,92282,84350,7932,8.6,Vanderburgh
CN1816500000000,18,165,"Vermillion County, IN",2010,7812,6836,976,12.5,Vermillion
CN1816700000000,18,167,"Vigo County, IN",2010,51186,45649,5537,10.8,Vigo
CN1816900000000,18,169,"Wabash County, IN",2010,15969,14210,1759,11,Wabash
CN1817100000000,18,171,"Warren County, IN",2010,4207,3778,429,10.2,Warren
CN1817300000000,18,173,"Warrick County, IN",2010,30887,28499,2388,7.7,Warrick
CN1817500000000,18,175,"Washington County, IN",2010,13813,12184,1629,11.8,Washington
CN1817700000000,18,177,"Wayne County, IN",2010,31340,27458,3882,12.4,Wayne
CN1817900000000,18,179,"Wells County, IN",2010,14159,12826,1333,9.4,Wells
CN1818100000000,18,181,"White County, IN",2010,12992,11676,1316,10.1,White
CN1818300000000,18,183,"Whitley County, IN",2010,17618,15664,1954,11.1,Whitley
