County,year,population
Indiana,2000,6091866
Indiana,2001,6127760
Indiana,2002,6155967
Indiana,2003,6196638
Indiana,2004,6233007
Indiana,2005,6278616
Indiana,2006,6332669
Indiana,2007,6379599
Indiana,2008,6424806
Indiana,2009,6459325
Indiana,2010,6490621
Adams,2000,33597
Adams,2001,33556
Adams,2002,33523
Adams,2003,33746
Adams,2004,33822
Adams,2005,33867
Adams,2006,33887
Adams,2007,33962
Adams,2008,34214
Adams,2009,34351
Adams,2010,34396
Allen,2000,332786
Allen,2001,334956
Allen,2002,337124
Allen,2003,339569
Allen,2004,340916
Allen,2005,343238
Allen,2006,346314
Allen,2007,349534
Allen,2008,351264
Allen,2009,353693
Allen,2010,355856
Bartholomew,2000,71763
Bartholomew,2001,72110
Bartholomew,2002,71890
Bartholomew,2003,72299
Bartholomew,2004,72882
Bartholomew,2005,73660
Bartholomew,2006,74508
Bartholomew,2007,75265
Bartholomew,2008,76080
Bartholomew,2009,76566
Bartholomew,2010,76855
Benton,2000,9412
Benton,2001,9313
Benton,2002,9163
Benton,2003,9148
Benton,2004,9016
Benton,2005,8915
Benton,2006,8871
Benton,2007,8805
Benton,2008,8801
Benton,2009,8735
Benton,2010,8888
Blackford,2000,13988
Blackford,2001,13735
Blackford,2002,13696
Blackford,2003,13642
Blackford,2004,13496
Blackford,2005,13392
Blackford,2006,13161
Blackford,2007,13078
Blackford,2008,12971
Blackford,2009,12844
Blackford,2010,12747
Boone,2000,46390
Boone,2001,47035
Boone,2002,48071
Boone,2003,49047
Boone,2004,50158
Boone,2005,51261
Boone,2006,52750
Boone,2007,53778
Boone,2008,54648
Boone,2009,55915
Boone,2010,56891
Brown,2000,14998
Brown,2001,15200
Brown,2002,15339
Brown,2003,15375
Brown,2004,15390
Brown,2005,15283
Brown,2006,15329
Brown,2007,15274
Brown,2008,15274
Brown,2009,15261
Brown,2010,15218
Carroll,2000,20150
Carroll,2001,20298
Carroll,2002,20270
Carroll,2003,20433
Carroll,2004,20148
Carroll,2005,20274
Carroll,2006,20179
Carroll,2007,20118
Carroll,2008,20114
Carroll,2009,20103
Carroll,2010,20162
Cass,2000,40939
Cass,2001,40859
Cass,2002,40389
Cass,2003,40218
Cass,2004,39921
Cass,2005,39637
Cass,2006,39255
Cass,2007,39033
Cass,2008,39070
Cass,2009,38968
Cass,2010,38965
Clark,2000,96714
Clark,2001,97228
Clark,2002,97935
Clark,2003,99349
Clark,2004,100435
Clark,2005,101781
Clark,2006,104148
Clark,2007,105672
Clark,2008,107406
Clark,2009,109067
Clark,2010,110610
Clay,2000,26565
Clay,2001,26605
Clay,2002,26486
Clay,2003,26788
Clay,2004,27015
Clay,2005,27097
Clay,2006,27096
Clay,2007,26983
Clay,2008,27058
Clay,2009,26901
Clay,2010,26876
Clinton,2000,33942
Clinton,2001,33809
Clinton,2002,33610
Clinton,2003,33383
Clinton,2004,33342
Clinton,2005,33237
Clinton,2006,33298
Clinton,2007,33188
Clinton,2008,33352
Clinton,2009,33280
Clinton,2010,33234
Crawford,2000,10786
Crawford,2001,10922
Crawford,2002,10976
Crawford,2003,11007
Crawford,2004,11029
Crawford,2005,11012
Crawford,2006,11008
Crawford,2007,10933
Crawford,2008,10792
Crawford,2009,10664
Crawford,2010,10726
Daviess,2000,29882
Daviess,2001,29755
Daviess,2002,29860
Daviess,2003,30108
Daviess,2004,30300
Daviess,2005,30452
Daviess,2006,30469
Daviess,2007,30702
Daviess,2008,30947
Daviess,2009,31389
Daviess,2010,31716
Dearborn,2000,46349
Dearborn,2001,46726
Dearborn,2002,47052
Dearborn,2003,47631
Dearborn,2004,48135
Dearborn,2005,48421
Dearborn,2006,48879
Dearborn,2007,49348
Dearborn,2008,49643
Dearborn,2009,49931
Dearborn,2010,50100
Decatur,2000,24572
Decatur,2001,24585
Decatur,2002,24793
Decatur,2003,24946
Decatur,2004,25208
Decatur,2005,25374
Decatur,2006,25469
Decatur,2007,25486
Decatur,2008,25600
Decatur,2009,25595
Decatur,2010,25772
DeKalb,2000,40537
DeKalb,2001,40576
DeKalb,2002,40732
DeKalb,2003,41047
DeKalb,2004,41283
DeKalb,2005,41494
DeKalb,2006,41594
DeKalb,2007,41876
DeKalb,2008,42033
DeKalb,2009,42053
DeKalb,2010,42285
Delaware,2000,118776
Delaware,2001,120281
Delaware,2002,119949
Delaware,2003,119935
Delaware,2004,118938
Delaware,2005,118170
Delaware,2006,117326
Delaware,2007,117229
Delaware,2008,117007
Delaware,2009,117490
Delaware,2010,117669
Dubois,2000,39892
Dubois,2001,40142
Dubois,2002,40244
Dubois,2003,40547
Dubois,2004,40950
Dubois,2005,41265
Dubois,2006,41589
Dubois,2007,41728
Dubois,2008,41955
Dubois,2009,41897
Dubois,2010,41875
Elkhart,2000,183412
Elkhart,2001,184708
Elkhart,2002,184543
Elkhart,2003,187149
Elkhart,2004,189316
Elkhart,2005,192242
Elkhart,2006,195047
Elkhart,2007,196304
Elkhart,2008,197762
Elkhart,2009,197514
Elkhart,2010,197646
Fayette,2000,25556
Fayette,2001,25263
Fayette,2002,25094
Fayette,2003,24953
Fayette,2004,24844
Fayette,2005,24700
Fayette,2006,24508
Fayette,2007,24413
Fayette,2008,24384
Fayette,2009,24247
Fayette,2010,24282
Floyd,2000,70879
Floyd,2001,71441
Floyd,2002,71407
Floyd,2003,71219
Floyd,2004,71465
Floyd,2005,71905
Floyd,2006,72358
Floyd,2007,72876
Floyd,2008,73775
Floyd,2009,74284
Floyd,2010,74679
Fountain,2000,17929
Fountain,2001,17752
Fountain,2002,17825
Fountain,2003,17738
Fountain,2004,17578
Fountain,2005,17436
Fountain,2006,17459
Fountain,2007,17396
Fountain,2008,17356
Fountain,2009,17183
Fountain,2010,17249
Franklin,2000,22252
Franklin,2001,22315
Franklin,2002,22475
Franklin,2003,22700
Franklin,2004,22852
Franklin,2005,23049
Franklin,2006,23122
Franklin,2007,23276
Franklin,2008,23330
Franklin,2009,23195
Franklin,2010,23047
Fulton,2000,20549
Fulton,2001,20509
Fulton,2002,20464
Fulton,2003,20379
Fulton,2004,20466
Fulton,2005,20540
Fulton,2006,20563
Fulton,2007,20571
Fulton,2008,20670
Fulton,2009,20772
Fulton,2010,20844
Gibson,2000,32491
Gibson,2001,32647
Gibson,2002,32684
Gibson,2003,32934
Gibson,2004,33198
Gibson,2005,33268
Gibson,2006,33429
Gibson,2007,33290
Gibson,2008,33331
Gibson,2009,33345
Gibson,2010,33537
Grant,2000,73325
Grant,2001,72905
Grant,2002,72425
Grant,2003,72113
Grant,2004,71479
Grant,2005,70803
Grant,2006,70448
Grant,2007,70012
Grant,2008,70250
Grant,2009,70195
Grant,2010,69975
Greene,2000,33191
Greene,2001,33195
Greene,2002,33052
Greene,2003,33287
Greene,2004,33384
Greene,2005,33320
Greene,2006,33223
Greene,2007,33020
Greene,2008,32977
Greene,2009,32995
Greene,2010,33205
Hamilton,2000,185221
Hamilton,2001,194664
Hamilton,2002,204721
Hamilton,2003,215152
Hamilton,2004,225319
Hamilton,2005,235039
Hamilton,2006,244738
Hamilton,2007,253725
Hamilton,2008,261974
Hamilton,2009,269394
Hamilton,2010,276390
Hancock,2000,55710
Hancock,2001,56729
Hancock,2002,58223
Hancock,2003,59606
Hancock,2004,60922
Hancock,2005,63045
Hancock,2006,65402
Hancock,2007,67115
Hancock,2008,68107
Hancock,2009,69183
Hancock,2010,70250
Harrison,2000,34569
Harrison,2001,34863
Harrison,2002,35408
Harrison,2003,35934
Harrison,2004,36736
Harrison,2005,37354
Harrison,2006,37766
Harrison,2007,38142
Harrison,2008,38628
Harrison,2009,39148
Harrison,2010,39394
Hendricks,2000,105378
Hendricks,2001,110144
Hendricks,2002,115206
Hendricks,2003,119340
Hendricks,2004,124115
Hendricks,2005,128082
Hendricks,2006,132350
Hendricks,2007,137267
Hendricks,2008,140710
Hendricks,2009,143944
Hendricks,2010,145867
Henry,2000,48469
Henry,2001,48397
Henry,2002,48258
Henry,2003,48145
Henry,2004,48184
Henry,2005,48064
Henry,2006,48375
Henry,2007,48030
Henry,2008,49420
Henry,2009,49305
Henry,2010,49476
Howard,2000,84940
Howard,2001,84909
Howard,2002,84563
Howard,2003,84538
Howard,2004,84291
Howard,2005,84382
Howard,2006,83943
Howard,2007,83743
Howard,2008,83472
Howard,2009,82701
Howard,2010,82770
Huntington,2000,38068
Huntington,2001,37877
Huntington,2002,37992
Huntington,2003,37875
Huntington,2004,37768
Huntington,2005,37650
Huntington,2006,37601
Huntington,2007,37447
Huntington,2008,37244
Huntington,2009,37205
Huntington,2010,37109
Jackson,2000,41428
Jackson,2001,41343
Jackson,2002,41335
Jackson,2003,41403
Jackson,2004,41417
Jackson,2005,41683
Jackson,2006,41725
Jackson,2007,41693
Jackson,2008,41705
Jackson,2009,41798
Jackson,2010,42587
Jasper,2000,30334
Jasper,2001,30417
Jasper,2002,30664
Jasper,2003,31133
Jasper,2004,31503
Jasper,2005,31763
Jasper,2006,32419
Jasper,2007,32894
Jasper,2008,33155
Jasper,2009,33278
Jasper,2010,33529
Jay,2000,21792
Jay,2001,21726
Jay,2002,21713
Jay,2003,21681
Jay,2004,21651
Jay,2005,21595
Jay,2006,21564
Jay,2007,21580
Jay,2008,21467
Jay,2009,21399
Jay,2010,21196
Jefferson,2000,31706
Jefferson,2001,31887
Jefferson,2002,31871
Jefferson,2003,31779
Jefferson,2004,31787
Jefferson,2005,31998
Jefferson,2006,32287
Jefferson,2007,32140
Jefferson,2008,32586
Jefferson,2009,32558
Jefferson,2010,32394
Jennings,2000,27747
Jennings,2001,27932
Jennings,2002,28131
Jennings,2003,28012
Jennings,2004,28202
Jennings,2005,28352
Jennings,2006,28320
Jennings,2007,28502
Jennings,2008,28480
Jennings,2009,28546
Jennings,2010,28500
Johnson,2000,115756
Johnson,2001,117843
Johnson,2002,120447
Johnson,2003,122202
Johnson,2004,124192
Johnson,2005,126769
Johnson,2006,130512
Johnson,2007,133933
Johnson,2008,136933
Johnson,2009,138584
Johnson,2010,140009
Knox,2000,39195
Knox,2001,38840
Knox,2002,38832
Knox,2003,38580
Knox,2004,38712
Knox,2005,38543
Knox,2006,38399
Knox,2007,38325
Knox,2008,38497
Knox,2009,38499
Knox,2010,38405
Kosciusko,2000,74211
Kosciusko,2001,74756
Kosciusko,2002,74861
Kosciusko,2003,75176
Kosciusko,2004,75447
Kosciusko,2005,75934
Kosciusko,2006,76358
Kosciusko,2007,76832
Kosciusko,2008,77091
Kosciusko,2009,77263
Kosciusko,2010,77368
LaGrange,2000,34892
LaGrange,2001,35299
LaGrange,2002,35453
LaGrange,2003,35711
LaGrange,2004,36017
LaGrange,2005,36283
LaGrange,2006,36613
LaGrange,2007,36931
LaGrange,2008,37181
LaGrange,2009,37119
LaGrange,2010,37134
Lake,2000,484514
Lake,2001,484454
Lake,2002,484520
Lake,2003,485596
Lake,2004,487405
Lake,2005,489530
Lake,2006,491432
Lake,2007,493403
Lake,2008,495479
Lake,2009,495789
Lake,2010,495981
LaPorte,2000,110121
LaPorte,2001,110077
LaPorte,2002,109555
LaPorte,2003,109027
LaPorte,2004,108914
LaPorte,2005,109541
LaPorte,2006,109641
LaPorte,2007,110846
LaPorte,2008,111267
LaPorte,2009,111465
LaPorte,2010,111465
Lawrence,2000,45915
Lawrence,2001,45965
Lawrence,2002,46039
Lawrence,2003,46178
Lawrence,2004,46106
Lawrence,2005,46233
Lawrence,2006,46165
Lawrence,2007,46300
Lawrence,2008,46233
Lawrence,2009,46138
Lawrence,2010,46124
Madison,2000,133213
Madison,2001,132920
Madison,2002,132433
Madison,2003,131740
Madison,2004,131366
Madison,2005,130871
Madison,2006,131240
Madison,2007,131203
Madison,2008,131537
Madison,2009,131599
Madison,2010,131642
Marion,2000,860832
Marion,2001,865662
Marion,2002,866210
Marion,2003,868576
Marion,2004,870378
Marion,2005,873310
Marion,2006,878515
Marion,2007,883591
Marion,2008,889504
Marion,2009,898394
Marion,2010,904878
Marshall,2000,45243
Marshall,2001,45534
Marshall,2002,45518
Marshall,2003,45923
Marshall,2004,46288
Marshall,2005,46549
Marshall,2006,46851
Marshall,2007,46871
Marshall,2008,47012
Marshall,2009,47126
Marshall,2010,47020
Martin,2000,10360
Martin,2001,10311
Martin,2002,10341
Martin,2003,10309
Martin,2004,10361
Martin,2005,10323
Martin,2006,10344
Martin,2007,10334
Martin,2008,10304
Martin,2009,10300
Martin,2010,10338
Miami,2000,36184
Miami,2001,36475
Miami,2002,37019
Miami,2003,37251
Miami,2004,37120
Miami,2005,37445
Miami,2006,37745
Miami,2007,37580
Miami,2008,37281
Miami,2009,37127
Miami,2010,36800
Monroe,2000,120872
Monroe,2001,121696
Monroe,2002,122628
Monroe,2003,124514
Monroe,2004,126359
Monroe,2005,128121
Monroe,2006,130677
Monroe,2007,132514
Monroe,2008,134401
Monroe,2009,136198
Monroe,2010,138422
Montgomery,2000,37601
Montgomery,2001,37793
Montgomery,2002,37782
Montgomery,2003,37634
Montgomery,2004,37795
Montgomery,2005,38105
Montgomery,2006,38040
Montgomery,2007,38172
Montgomery,2008,38204
Montgomery,2009,38180
Montgomery,2010,38096
Morgan,2000,66838
Morgan,2001,66884
Morgan,2002,67266
Morgan,2003,67729
Morgan,2004,67795
Morgan,2005,68037
Morgan,2006,68308
Morgan,2007,68354
Morgan,2008,68964
Morgan,2009,68583
Morgan,2010,69061
Newton,2000,14525
Newton,2001,14358
Newton,2002,14343
Newton,2003,14446
Newton,2004,14386
Newton,2005,14485
Newton,2006,14326
Newton,2007,14374
Newton,2008,14348
Newton,2009,14207
Newton,2010,14243
Noble,2000,46640
Noble,2001,47110
Noble,2002,46884
Noble,2003,46917
Noble,2004,46996
Noble,2005,47292
Noble,2006,47470
Noble,2007,47419
Noble,2008,47561
Noble,2009,47574
Noble,2010,47541
Ohio,2000,5582
Ohio,2001,5633
Ohio,2002,5735
Ohio,2003,5779
Ohio,2004,5868
Ohio,2005,5943
Ohio,2006,6022
Ohio,2007,5992
Ohio,2008,6069
Ohio,2009,6134
Ohio,2010,6119
Orange,2000,19316
Orange,2001,19373
Orange,2002,19439
Orange,2003,19622
Orange,2004,19624
Orange,2005,19744
Orange,2006,19666
Orange,2007,19868
Orange,2008,19837
Orange,2009,19931
Orange,2010,19800
Owen,2000,21837
Owen,2001,21954
Owen,2002,22079
Owen,2003,22321
Owen,2004,22190
Owen,2005,21975
Owen,2006,21871
Owen,2007,21838
Owen,2008,21763
Owen,2009,21642
Owen,2010,21572
Parke,2000,17179
Parke,2001,17202
Parke,2002,17274
Parke,2003,17515
Parke,2004,17460
Parke,2005,17396
Parke,2006,17376
Parke,2007,17449
Parke,2008,17488
Parke,2009,17326
Parke,2010,17332
Perry,2000,18865
Perry,2001,18893
Perry,2002,18903
Perry,2003,18963
Perry,2004,19148
Perry,2005,19260
Perry,2006,19202
Perry,2007,19379
Perry,2008,19340
Perry,2009,19331
Perry,2010,19327
Pike,2000,12826
Pike,2001,12905
Pike,2002,12984
Pike,2003,12970
Pike,2004,13047
Pike,2005,12879
Pike,2006,13016
Pike,2007,13047
Pike,2008,13047
Pike,2009,12836
Pike,2010,12831
Porter,2000,147137
Porter,2001,148372
Porter,2002,149992
Porter,2003,151731
Porter,2004,153664
Porter,2005,156024
Porter,2006,158595
Porter,2007,160835
Porter,2008,162538
Porter,2009,163572
Porter,2010,164592
Posey,2000,27070
Posey,2001,26933
Posey,2002,26908
Posey,2003,26736
Posey,2004,26664
Posey,2005,26488
Posey,2006,26348
Posey,2007,26229
Posey,2008,26080
Posey,2009,25941
Posey,2010,25903
Pulaski,2000,13605
Pulaski,2001,13627
Pulaski,2002,13606
Pulaski,2003,13634
Pulaski,2004,13667
Pulaski,2005,13682
Pulaski,2006,13713
Pulaski,2007,13724
Pulaski,2008,13646
Pulaski,2009,13548
Pulaski,2010,13351
Putnam,2000,36180
Putnam,2001,36382
Putnam,2002,36525
Putnam,2003,37145
Putnam,2004,37516
Putnam,2005,37780
Putnam,2006,37768
Putnam,2007,38189
Putnam,2008,38325
Putnam,2009,38052
Putnam,2010,37906
Randolph,2000,27363
Randolph,2001,27166
Randolph,2002,26989
Randolph,2003,26763
Randolph,2004,26582
Randolph,2005,26517
Randolph,2006,26415
Randolph,2007,26223
Randolph,2008,26300
Randolph,2009,26240
Randolph,2010,26133
Ripley,2000,26654
Ripley,2001,27130
Ripley,2002,27421
Ripley,2003,27615
Ripley,2004,27849
Ripley,2005,28040
Ripley,2006,28352
Ripley,2007,28361
Ripley,2008,28605
Ripley,2009,28716
Ripley,2010,28814
Rush,2000,18194
Rush,2001,18145
Rush,2002,18034
Rush,2003,18090
Rush,2004,17869
Rush,2005,17826
Rush,2006,17723
Rush,2007,17756
Rush,2008,17543
Rush,2009,17461
Rush,2010,17358
St Joseph,2000,265845
St Joseph,2001,265502
St Joseph,2002,265090
St Joseph,2003,264762
St Joseph,2004,264541
St Joseph,2005,264863
St Joseph,2006,265496
St Joseph,2007,266045
St Joseph,2008,267282
St Joseph,2009,266827
St Joseph,2010,266961
Scott,2000,23049
Scott,2001,23332
Scott,2002,23370
Scott,2003,23638
Scott,2004,23626
Scott,2005,23889
Scott,2006,23982
Scott,2007,24137
Scott,2008,24089
Scott,2009,24165
Scott,2010,24174
Shelby,2000,43479
Shelby,2001,43746
Shelby,2002,43577
Shelby,2003,43385
Shelby,2004,43488
Shelby,2005,43482
Shelby,2006,43812
Shelby,2007,44086
Shelby,2008,44345
Shelby,2009,44551
Shelby,2010,44391
Spencer,2000,20432
Spencer,2001,20465
Spencer,2002,20422
Spencer,2003,20529
Spencer,2004,20605
Spencer,2005,20896
Spencer,2006,20977
Spencer,2007,21032
Spencer,2008,20978
Spencer,2009,20992
Spencer,2010,20908
Starke,2000,23525
Starke,2001,23217
Starke,2002,23361
Starke,2003,23336
Starke,2004,23310
Starke,2005,23394
Starke,2006,23362
Starke,2007,23260
Starke,2008,23379
Starke,2009,23343
Starke,2010,23372
Steuben,2000,33339
Steuben,2001,33556
Steuben,2002,33496
Steuben,2003,33789
Steuben,2004,33718
Steuben,2005,33926
Steuben,2006,34044
Steuben,2007,34004
Steuben,2008,34055
Steuben,2009,34194
Steuben,2010,34165
Sullivan,2000,21756
Sullivan,2001,21771
Sullivan,2002,21792
Sullivan,2003,21801
Sullivan,2004,21809
Sullivan,2005,21689
Sullivan,2006,21540
Sullivan,2007,21558
Sullivan,2008,21550
Sullivan,2009,21483
Sullivan,2010,21469
Switzerland,2000,9129
Switzerland,2001,9465
Switzerland,2002,9711
Switzerland,2003,9722
Switzerland,2004,9863
Switzerland,2005,10165
Switzerland,2006,10151
Switzerland,2007,10271
Switzerland,2008,10387
Switzerland,2009,10541
Switzerland,2010,10615
Tippecanoe,2000,149359
Tippecanoe,2001,151095
Tippecanoe,2002,152348
Tippecanoe,2003,154040
Tippecanoe,2004,155832
Tippecanoe,2005,158834
Tippecanoe,2006,163010
Tippecanoe,2007,166226
Tippecanoe,2008,169039
Tippecanoe,2009,171937
Tippecanoe,2010,172963
Tipton,2000,16582
Tipton,2001,16508
Tipton,2002,16529
Tipton,2003,16511
Tipton,2004,16510
Tipton,2005,16411
Tipton,2006,16326
Tipton,2007,16257
Tipton,2008,16137
Tipton,2009,16046
Tipton,2010,15895
Union,2000,7343
Union,2001,7323
Union,2002,7366
Union,2003,7293
Union,2004,7291
Union,2005,7378
Union,2006,7432
Union,2007,7467
Union,2008,7428
Union,2009,7466
Union,2010,7520
Vanderburgh,2000,172052
Vanderburgh,2001,172449
Vanderburgh,2002,173067
Vanderburgh,2003,174239
Vanderburgh,2004,175113
Vanderburgh,2005,175769
Vanderburgh,2006,176822
Vanderburgh,2007,177789
Vanderburgh,2008,178053
Vanderburgh,2009,178995
Vanderburgh,2010,179833
Vermillion,2000,16772
Vermillion,2001,16639
Vermillion,2002,16556
Vermillion,2003,16493
Vermillion,2004,16515
Vermillion,2005,16603
Vermillion,2006,16585
Vermillion,2007,16561
Vermillion,2008,16387
Vermillion,2009,16377
Vermillion,2010,16148
Vigo,2000,105762
Vigo,2001,105482
Vigo,2002,105221
Vigo,2003,105356
Vigo,2004,104662
Vigo,2005,105245
Vigo,2006,106509
Vigo,2007,106885
Vigo,2008,106972
Vigo,2009,107429
Vigo,2010,107958
Wabash,2000,34993
Wabash,2001,34700
Wabash,2002,34488
Wabash,2003,34325
Wabash,2004,34131
Wabash,2005,33806
Wabash,2006,33665
Wabash,2007,33361
Wabash,2008,33238
Wabash,2009,33036
Wabash,2010,32826
Warren,2000,8435
Warren,2001,8553
Warren,2002,8598
Warren,2003,8589
Warren,2004,8609
Warren,2005,8626
Warren,2006,8625
Warren,2007,8554
Warren,2008,8602
Warren,2009,8533
Warren,2010,8501
Warrick,2000,52531
Warrick,2001,52780
Warrick,2002,53317
Warrick,2003,54439
Warrick,2004,55171
Warrick,2005,56066
Warrick,2006,56746
Warrick,2007,57754
Warrick,2008,58435
Warrick,2009,59197
Warrick,2010,59835
Washington,2000,27247
Washington,2001,27484
Washington,2002,27674
Washington,2003,27736
Washington,2004,27854
Washington,2005,27893
Washington,2006,28164
Washington,2007,28236
Washington,2008,28298
Washington,2009,28144
Washington,2010,28290
Wayne,2000,71033
Wayne,2001,70712
Wayne,2002,70545
Wayne,2003,70490
Wayne,2004,70070
Wayne,2005,69793
Wayne,2006,69642
Wayne,2007,69365
Wayne,2008,69093
Wayne,2009,68984
Wayne,2010,68853
Wells,2000,27619
Wells,2001,27626
Wells,2002,27745
Wells,2003,27803
Wells,2004,27826
Wells,2005,27820
Wells,2006,27872
Wells,2007,27836
Wells,2008,27751
Wells,2009,27620
Wells,2010,27642
White,2000,25246
White,2001,25351
White,2002,25240
White,2003,25060
White,2004,24976
White,2005,24861
White,2006,24830
White,2007,24762
White,2008,24871
White,2009,24573
White,2010,24635
Whitley,2000,30634
Whitley,2001,30998
Whitley,2002,31278
Whitley,2003,31621
Whitley,2004,31841
Whitley,2005,32182
Whitley,2006,32597
Whitley,2007,32853
Whitley,2008,33047
Whitley,2009,33125
Whitley,2010,33335
