County,year,fips_county,percent_pov,mhi
Indiana,2000,000,0.08800000000000001,41511
Adams,2000,001,0.09,42190
Allen,2000,003,0.08199999999999999,44365
Bartholomew,2000,005,0.071,46301
Benton,2000,007,0.073,41085
Blackford,2000,009,0.095,36319
Boone,2000,011,0.053,54615
Brown,2000,013,0.079,46154
Carroll,2000,015,0.068,44687
Cass,2000,017,0.085,39512
Clark,2000,019,0.08199999999999999,41039
Clay,2000,021,0.09300000000000001,38197
Clinton,2000,023,0.083,41586
Crawford,2000,025,0.139,33770
Daviess,2000,027,0.124,35218
Dearborn,2000,029,0.063,50547
Decatur,2000,031,0.081,42495
De Kalb,2000,033,0.057,46357
Delaware,2000,035,0.11900000000000001,35791
Dubois,2000,037,0.045,46484
Elkhart,2000,039,0.083,44986
Fayette,2000,041,0.096,39133
Floyd,2000,043,0.08,44789
Fountain,2000,045,0.083,39486
Franklin,2000,047,0.073,45385
Fulton,2000,049,0.087,39280
Gibson,2000,051,0.08,39438
Grant,2000,053,0.11699999999999999,36741
Greene,2000,055,0.1,35155
Hamilton,2000,057,0.031,76478
Hancock,2000,059,0.044000000000000004,57384
Harrison,2000,061,0.07200000000000001,44606
Hendricks,2000,063,0.039,58193
Henry,2000,065,0.086,39726
Howard,2000,067,0.08800000000000001,45800
Huntington,2000,069,0.066,43091
Jackson,2000,071,0.078,40700
Jasper,2000,073,0.069,45118
Jay,2000,075,0.098,36412
Jefferson,2000,077,0.1,38566
Jennings,2000,079,0.086,39514
Johnson,2000,081,0.057,53930
Knox,2000,083,0.139,32454
Kosciusko,2000,085,0.063,45539
Lagrange,2000,087,0.08,44096
Lake,2000,089,0.111,41529
La Porte,2000,091,0.095,40926
Lawrence,2000,093,0.08800000000000001,37743
Madison,2000,095,0.09300000000000001,39690
Marion,2000,097,0.10300000000000001,41304
Marshall,2000,099,0.075,42947
Martin,2000,101,0.102,37656
Miami,2000,103,0.091,39991
Monroe,2000,105,0.111,35453
Montgomery,2000,107,0.084,42027
Morgan,2000,109,0.071,49387
Newton,2000,111,0.08,41611
Noble,2000,113,0.068,43793
Ohio,2000,115,0.067,41973
Orange,2000,117,0.12,32787
Owen,2000,119,0.105,36885
Parke,2000,121,0.114,36360
Perry,2000,123,0.08800000000000001,37549
Pike,2000,125,0.086,36581
Porter,2000,127,0.057,54648
Posey,2000,129,0.069,46852
Pulaski,2000,131,0.095,36898
Putnam,2000,133,0.085,40328
Randolph,2000,135,0.10300000000000001,36257
Ripley,2000,137,0.073,43174
Rush,2000,139,0.081,39568
St. Joseph,2000,141,0.1,40952
Scott,2000,143,0.11599999999999999,35699
Shelby,2000,145,0.07200000000000001,44473
Spencer,2000,147,0.071,43805
Starke,2000,149,0.114,37130
Steuben,2000,151,0.071,44571
Sullivan,2000,153,0.127,33803
Switzerland,2000,155,0.114,36483
Tippecanoe,2000,157,0.1,40097
Tipton,2000,159,0.059000000000000004,49539
Union,2000,161,0.09,37700
Vanderburgh,2000,163,0.106,38691
Vermillion,2000,165,0.091,36703
Vigo,2000,167,0.131,34145
Wabash,2000,169,0.077,41241
Warren,2000,171,0.073,42718
Warrick,2000,173,0.057,51251
Washington,2000,175,0.099,37758
Wayne,2000,177,0.10800000000000001,36157
Wells,2000,179,0.059000000000000004,44747
White,2000,181,0.075,41530
Whitley,2000,183,0.053,47512
Indiana,2001,000,0.09,42073
Adams,2001,001,0.10099999999999999,41445
Allen,2001,003,0.085,43519
Bartholomew,2001,005,0.075,45332
Benton,2001,007,0.077,40618
Blackford,2001,009,0.091,35541
Boone,2001,011,0.052000000000000005,55291
Brown,2001,013,0.079,45617
Carroll,2001,015,0.068,44616
Cass,2001,017,0.09,38554
Clark,2001,019,0.084,40280
Clay,2001,021,0.092,37299
Clinton,2001,023,0.086,40857
Crawford,2001,025,0.131,32855
Daviess,2001,027,0.122,34725
Dearborn,2001,029,0.062,49944
Decatur,2001,031,0.079,41806
De Kalb,2001,033,0.064,45424
Delaware,2001,035,0.12,34937
Dubois,2001,037,0.05,46242
Elkhart,2001,039,0.09,43800
Fayette,2001,041,0.10099999999999999,38064
Floyd,2001,043,0.078,44454
Fountain,2001,045,0.087,38852
Franklin,2001,047,0.071,45792
Fulton,2001,049,0.092,38705
Gibson,2001,051,0.081,38943
Grant,2001,053,0.11800000000000001,35887
Greene,2001,055,0.107,34724
Hamilton,2001,057,0.032,77949
Hancock,2001,059,0.046,57258
Harrison,2001,061,0.075,44069
Hendricks,2001,063,0.04,57918
Henry,2001,065,0.086,39024
Howard,2001,067,0.08800000000000001,44440
Huntington,2001,069,0.069,42435
Jackson,2001,071,0.08199999999999999,40034
Jasper,2001,073,0.069,45017
Jay,2001,075,0.10099999999999999,35388
Jefferson,2001,077,0.099,37750
Jennings,2001,079,0.09,38349
Johnson,2001,081,0.06,53323
Knox,2001,083,0.132,32051
Kosciusko,2001,085,0.07,44987
Lagrange,2001,087,0.09,42743
Lake,2001,089,0.11,40530
La Porte,2001,091,0.098,39908
Lawrence,2001,093,0.091,37183
Madison,2001,095,0.096,38799
Marion,2001,097,0.106,40233
Marshall,2001,099,0.077,41979
Martin,2001,101,0.095,37054
Miami,2001,103,0.098,39019
Monroe,2001,105,0.11599999999999999,34748
Montgomery,2001,107,0.085,41286
Morgan,2001,109,0.07200000000000001,48815
Newton,2001,111,0.083,41068
Noble,2001,113,0.077,42697
Ohio,2001,115,0.07,41921
Orange,2001,117,0.12,32085
Owen,2001,119,0.10400000000000001,36528
Parke,2001,121,0.11599999999999999,35456
Perry,2001,123,0.09300000000000001,36787
Pike,2001,125,0.08800000000000001,35694
Porter,2001,127,0.059000000000000004,54163
Posey,2001,129,0.067,47007
Pulaski,2001,131,0.095,36865
Putnam,2001,133,0.086,40394
Randolph,2001,135,0.10300000000000001,35947
Ripley,2001,137,0.076,41727
Rush,2001,139,0.084,39341
St. Joseph,2001,141,0.10400000000000001,39655
Scott,2001,143,0.113,34693
Shelby,2001,145,0.073,43988
Spencer,2001,147,0.073,43197
Starke,2001,149,0.11599999999999999,36105
Steuben,2001,151,0.066,43346
Sullivan,2001,153,0.126,33016
Switzerland,2001,155,0.114,36116
Tippecanoe,2001,157,0.105,39413
Tipton,2001,159,0.061,48652
Union,2001,161,0.09,37356
Vanderburgh,2001,163,0.106,37725
Vermillion,2001,165,0.091,36230
Vigo,2001,167,0.132,33330
Wabash,2001,169,0.081,40421
Warren,2001,171,0.073,42673
Warrick,2001,173,0.057999999999999996,51066
Washington,2001,175,0.10300000000000001,36700
Wayne,2001,177,0.11,35372
Wells,2001,179,0.064,43693
White,2001,181,0.078,40301
Whitley,2001,183,0.055999999999999994,46701
Indiana,2002,000,0.096,41973
Adams,2002,001,0.10099999999999999,41489
Allen,2002,003,0.094,43077
Bartholomew,2002,005,0.078,45300
Benton,2002,007,0.073,40134
Blackford,2002,009,0.096,35907
Boone,2002,011,0.053,56746
Brown,2002,013,0.077,46134
Carroll,2002,015,0.073,44608
Cass,2002,017,0.094,38446
Clark,2002,019,0.09,40301
Clay,2002,021,0.09699999999999999,37665
Clinton,2002,023,0.086,40785
Crawford,2002,025,0.133,33306
Daviess,2002,027,0.127,34749
Dearborn,2002,029,0.063,51194
Decatur,2002,031,0.08199999999999999,42653
De Kalb,2002,033,0.064,45833
Delaware,2002,035,0.128,34810
Dubois,2002,037,0.05,47638
Elkhart,2002,039,0.094,43982
Fayette,2002,041,0.10300000000000001,38136
Floyd,2002,043,0.084,44452
Fountain,2002,045,0.09,38777
Franklin,2002,047,0.076,46420
Fulton,2002,049,0.099,38900
Gibson,2002,051,0.08199999999999999,40024
Grant,2002,053,0.125,35954
Greene,2002,055,0.11,35391
Hamilton,2002,057,0.035,80818
Hancock,2002,059,0.048,58477
Harrison,2002,061,0.078,44606
Hendricks,2002,063,0.040999999999999995,59917
Henry,2002,065,0.091,39438
Howard,2002,067,0.094,44442
Huntington,2002,069,0.07400000000000001,42277
Jackson,2002,071,0.086,40359
Jasper,2002,073,0.071,45493
Jay,2002,075,0.105,35196
Jefferson,2002,077,0.10099999999999999,38325
Jennings,2002,079,0.095,38406
Johnson,2002,081,0.064,53775
Knox,2002,083,0.13699999999999998,32476
Kosciusko,2002,085,0.073,45428
Lagrange,2002,087,0.086,43389
Lake,2002,089,0.121,40169
La Porte,2002,091,0.10400000000000001,39692
Lawrence,2002,093,0.09300000000000001,37782
Madison,2002,095,0.10300000000000001,38973
Marion,2002,097,0.11699999999999999,40458
Marshall,2002,099,0.079,41853
Martin,2002,101,0.096,37188
Miami,2002,103,0.10300000000000001,39092
Monroe,2002,105,0.12300000000000001,34782
Montgomery,2002,107,0.091,41225
Morgan,2002,109,0.078,49025
Newton,2002,111,0.087,40932
Noble,2002,113,0.079,42934
Ohio,2002,115,0.07,42395
Orange,2002,117,0.126,32145
Owen,2002,119,0.10800000000000001,36887
Parke,2002,121,0.12300000000000001,35258
Perry,2002,123,0.09699999999999999,37284
Pike,2002,125,0.09300000000000001,36071
Porter,2002,127,0.065,53726
Posey,2002,129,0.068,48049
Pulaski,2002,131,0.10300000000000001,36957
Putnam,2002,133,0.09,40933
Randolph,2002,135,0.107,36203
Ripley,2002,137,0.077,42628
Rush,2002,139,0.08800000000000001,39467
St. Joseph,2002,141,0.11199999999999999,39940
Scott,2002,143,0.11599999999999999,34823
Shelby,2002,145,0.08,43870
Spencer,2002,147,0.07200000000000001,43645
Starke,2002,149,0.11699999999999999,36016
Steuben,2002,151,0.083,42509
Sullivan,2002,153,0.129,33243
Switzerland,2002,155,0.11900000000000001,35349
Tippecanoe,2002,157,0.11599999999999999,38771
Tipton,2002,159,0.063,48820
Union,2002,161,0.08900000000000001,37726
Vanderburgh,2002,163,0.113,37676
Vermillion,2002,165,0.091,36821
Vigo,2002,167,0.139,33695
Wabash,2002,169,0.085,40278
Warren,2002,171,0.077,42236
Warrick,2002,173,0.057,52779
Washington,2002,175,0.10400000000000001,36680
Wayne,2002,177,0.11800000000000001,35300
Wells,2002,179,0.066,43681
White,2002,181,0.08199999999999999,39632
Whitley,2002,183,0.057,47003
Indiana,2003,000,0.1,43323
Adams,2003,001,0.098,42058
Allen,2003,003,0.102,43059
Bartholomew,2003,005,0.084,45671
Benton,2003,007,0.075,39640
Blackford,2003,009,0.09300000000000001,36376
Boone,2003,011,0.057999999999999996,57515
Brown,2003,013,0.08199999999999999,45699
Carroll,2003,015,0.075,44709
Cass,2003,017,0.09699999999999999,38861
Clark,2003,019,0.094,41578
Clay,2003,021,0.096,38690
Clinton,2003,023,0.092,41158
Crawford,2003,025,0.13,34912
Daviess,2003,027,0.124,36061
Dearborn,2003,029,0.068,52765
Decatur,2003,031,0.09,43059
De Kalb,2003,033,0.071,45798
Delaware,2003,035,0.135,35316
Dubois,2003,037,0.055,49335
Elkhart,2003,039,0.095,45333
Fayette,2003,041,0.10400000000000001,39314
Floyd,2003,043,0.09300000000000001,45186
Fountain,2003,045,0.09300000000000001,39239
Franklin,2003,047,0.08,46998
Fulton,2003,049,0.095,39479
Gibson,2003,051,0.081,43143
Grant,2003,053,0.125,36703
Greene,2003,055,0.109,36463
Hamilton,2003,057,0.036000000000000004,80876
Hancock,2003,059,0.049,58942
Harrison,2003,061,0.081,45689
Hendricks,2003,063,0.046,61595
Henry,2003,065,0.095,40747
Howard,2003,067,0.10300000000000001,45952
Huntington,2003,069,0.076,42351
Jackson,2003,071,0.08800000000000001,41585
Jasper,2003,073,0.07400000000000001,46027
Jay,2003,075,0.10800000000000001,35885
Jefferson,2003,077,0.10300000000000001,39813
Jennings,2003,079,0.09699999999999999,39551
Johnson,2003,081,0.07,54109
Knox,2003,083,0.138,33392
Kosciusko,2003,085,0.075,47134
Lagrange,2003,087,0.079,44458
Lake,2003,089,0.127,39824
La Porte,2003,091,0.1,40193
Lawrence,2003,093,0.09699999999999999,38606
Madison,2003,095,0.11,39539
Marion,2003,097,0.124,41478
Marshall,2003,099,0.07400000000000001,43051
Martin,2003,101,0.1,38079
Miami,2003,103,0.1,39553
Monroe,2003,105,0.125,35722
Montgomery,2003,107,0.09300000000000001,41444
Morgan,2003,109,0.078,49669
Newton,2003,111,0.08199999999999999,40916
Noble,2003,113,0.081,43217
Ohio,2003,115,0.07,41587
Orange,2003,117,0.12,32784
Owen,2003,119,0.10300000000000001,37368
Parke,2003,121,0.114,36370
Perry,2003,123,0.095,38643
Pike,2003,125,0.092,37860
Porter,2003,127,0.068,54803
Posey,2003,129,0.076,48980
Pulaski,2003,131,0.095,37066
Putnam,2003,133,0.092,41313
Randolph,2003,135,0.109,36925
Ripley,2003,137,0.081,43657
Rush,2003,139,0.086,40186
St. Joseph,2003,141,0.11900000000000001,40350
Scott,2003,143,0.11800000000000001,35901
Shelby,2003,145,0.085,44255
Spencer,2003,147,0.076,44550
Starke,2003,149,0.11699999999999999,36871
Steuben,2003,151,0.08,42029
Sullivan,2003,153,0.11900000000000001,34374
Switzerland,2003,155,0.109,36589
Tippecanoe,2003,157,0.12,39607
Tipton,2003,159,0.067,49753
Union,2003,161,0.091,39035
Vanderburgh,2003,163,0.11800000000000001,38360
Vermillion,2003,165,0.09300000000000001,38282
Vigo,2003,167,0.138,34630
Wabash,2003,169,0.087,40647
Warren,2003,171,0.07200000000000001,43404
Warrick,2003,173,0.057999999999999996,53901
Washington,2003,175,0.105,37427
Wayne,2003,177,0.11800000000000001,35911
Wells,2003,179,0.068,44382
White,2003,181,0.083,39566
Whitley,2003,183,0.062,47499
Indiana,2004,000,0.111,43217
Adams,2004,001,0.10099999999999999,43781
Allen,2004,003,0.113,42867
Bartholomew,2004,005,0.092,47091
Benton,2004,007,0.085,41414
Blackford,2004,009,0.11,36551
Boone,2004,011,0.06,59206
Brown,2004,013,0.09300000000000001,46143
Carroll,2004,015,0.08,45231
Cass,2004,017,0.11,39593
Clark,2004,019,0.102,42904
Clay,2004,021,0.107,40120
Clinton,2004,023,0.10300000000000001,42951
Crawford,2004,025,0.14300000000000002,35581
Daviess,2004,027,0.131,37456
Dearborn,2004,029,0.07400000000000001,54101
Decatur,2004,031,0.1,44130
De Kalb,2004,033,0.083,46930
Delaware,2004,035,0.153,35843
Dubois,2004,037,0.062,50215
Elkhart,2004,039,0.10099999999999999,46897
Fayette,2004,041,0.11599999999999999,39393
Floyd,2004,043,0.102,47243
Fountain,2004,045,0.10099999999999999,40879
Franklin,2004,047,0.08800000000000001,47515
Fulton,2004,049,0.102,40815
Gibson,2004,051,0.08900000000000001,44752
Grant,2004,053,0.13699999999999998,37195
Greene,2004,055,0.11599999999999999,37849
Hamilton,2004,057,0.039,82196
Hancock,2004,059,0.054000000000000006,62657
Harrison,2004,061,0.08800000000000001,46893
Hendricks,2004,063,0.052000000000000005,63058
Henry,2004,065,0.105,41157
Howard,2004,067,0.11900000000000001,45588
Huntington,2004,069,0.084,43165
Jackson,2004,071,0.094,43134
Jasper,2004,073,0.081,47557
Jay,2004,075,0.114,38167
Jefferson,2004,077,0.114,40906
Jennings,2004,079,0.10400000000000001,41330
Johnson,2004,081,0.077,55594
Knox,2004,083,0.152,34668
Kosciusko,2004,085,0.079,48998
Lagrange,2004,087,0.076,46841
Lake,2004,089,0.14800000000000002,40894
La Porte,2004,091,0.11199999999999999,41906
Lawrence,2004,093,0.109,39297
Madison,2004,095,0.121,40480
Marion,2004,097,0.141,42702
Marshall,2004,099,0.081,45040
Martin,2004,101,0.111,39421
Miami,2004,103,0.111,41280
Monroe,2004,105,0.14,36224
Montgomery,2004,107,0.10300000000000001,43486
Morgan,2004,109,0.08900000000000001,51378
Newton,2004,111,0.09,43726
Noble,2004,113,0.087,44255
Ohio,2004,115,0.076,43448
Orange,2004,117,0.133,33684
Owen,2004,119,0.113,38589
Parke,2004,121,0.124,37467
Perry,2004,123,0.105,39472
Pike,2004,125,0.095,39972
Porter,2004,127,0.078,56935
Posey,2004,129,0.086,50765
Pulaski,2004,131,0.102,39066
Putnam,2004,133,0.099,42273
Randolph,2004,135,0.122,37877
Ripley,2004,137,0.08800000000000001,45555
Rush,2004,139,0.09300000000000001,42623
St. Joseph,2004,141,0.135,41365
Scott,2004,143,0.134,37193
Shelby,2004,145,0.09699999999999999,45910
Spencer,2004,147,0.081,46831
Starke,2004,149,0.127,38913
Steuben,2004,151,0.09,43032
Sullivan,2004,153,0.13,35882
Switzerland,2004,155,0.12,38502
Tippecanoe,2004,157,0.134,40036
Tipton,2004,159,0.073,51512
Union,2004,161,0.09699999999999999,41569
Vanderburgh,2004,163,0.129,39117
Vermillion,2004,165,0.10300000000000001,39545
Vigo,2004,167,0.154,35736
Wabash,2004,169,0.094,42009
Warren,2004,171,0.078,46477
Warrick,2004,173,0.063,55677
Washington,2004,175,0.114,38787
Wayne,2004,177,0.132,36145
Wells,2004,179,0.076,45645
White,2004,181,0.09300000000000001,41890
Whitley,2004,183,0.068,47981
Indiana,2005,000,0.122,44051
Adams,2005,001,0.115,45381
Allen,2005,003,0.11800000000000001,45506
Bartholomew,2005,005,0.1,46172
Benton,2005,007,0.09,42467
Blackford,2005,009,0.11699999999999999,37671
Boone,2005,011,0.055999999999999994,60539
Brown,2005,013,0.105,47813
Carroll,2005,015,0.086,45702
Cass,2005,017,0.107,40999
Clark,2005,019,0.107,43158
Clay,2005,021,0.126,40196
Clinton,2005,023,0.111,44979
Crawford,2005,025,0.175,34739
Daviess,2005,027,0.161,37074
Dearborn,2005,029,0.081,54468
Decatur,2005,031,0.11199999999999999,44424
De Kalb,2005,033,0.08199999999999999,45109
Delaware,2005,035,0.183,35163
Dubois,2005,037,0.065,51191
Elkhart,2005,039,0.109,45811
Fayette,2005,041,0.13699999999999998,40714
Floyd,2005,043,0.105,48039
Fountain,2005,045,0.11,41832
Franklin,2005,047,0.08900000000000001,47711
Fulton,2005,049,0.114,41289
Gibson,2005,051,0.092,43371
Grant,2005,053,0.179,36733
Greene,2005,055,0.151,37441
Hamilton,2005,057,0.039,79927
Hancock,2005,059,0.047,60343
Harrison,2005,061,0.09,46420
Hendricks,2005,063,0.047,59720
Henry,2005,065,0.10400000000000001,42698
Howard,2005,067,0.128,45725
Huntington,2005,069,0.084,43945
Jackson,2005,071,0.111,40939
Jasper,2005,073,0.081,48016
Jay,2005,075,0.12300000000000001,33813
Jefferson,2005,077,0.126,39527
Jennings,2005,079,0.10800000000000001,42735
Johnson,2005,081,0.071,56854
Knox,2005,083,0.17600000000000002,38175
Kosciusko,2005,085,0.086,47567
Lagrange,2005,087,0.085,48857
Lake,2005,089,0.16699999999999998,42917
La Porte,2005,091,0.11900000000000001,45537
Lawrence,2005,093,0.132,40009
Madison,2005,095,0.11900000000000001,40747
Marion,2005,097,0.152,42129
Marshall,2005,099,0.08,46990
Martin,2005,101,0.122,40303
Miami,2005,103,0.122,40967
Monroe,2005,105,0.222,35728
Montgomery,2005,107,0.113,44177
Morgan,2005,109,0.078,51329
Newton,2005,111,0.087,46739
Noble,2005,113,0.08900000000000001,48445
Ohio,2005,115,0.08199999999999999,43969
Orange,2005,117,0.16699999999999998,33691
Owen,2005,119,0.124,38958
Parke,2005,121,0.154,38240
Perry,2005,123,0.124,39472
Pike,2005,125,0.11900000000000001,38496
Porter,2005,127,0.084,56496
Posey,2005,129,0.091,52740
Pulaski,2005,131,0.114,41106
Putnam,2005,133,0.111,43760
Randolph,2005,135,0.139,38805
Ripley,2005,137,0.096,45822
Rush,2005,139,0.092,43755
St. Joseph,2005,141,0.133,41565
Scott,2005,143,0.149,36156
Shelby,2005,145,0.10099999999999999,47161
Spencer,2005,147,0.084,45208
Starke,2005,149,0.145,39745
Steuben,2005,151,0.102,44209
Sullivan,2005,153,0.14300000000000002,37254
Switzerland,2005,155,0.136,39750
Tippecanoe,2005,157,0.179,40721
Tipton,2005,159,0.07400000000000001,51808
Union,2005,161,0.11,45307
Vanderburgh,2005,163,0.134,41464
Vermillion,2005,165,0.11800000000000001,40117
Vigo,2005,167,0.174,35763
Wabash,2005,169,0.10099999999999999,42705
Warren,2005,171,0.08199999999999999,47674
Warrick,2005,173,0.063,54475
Washington,2005,175,0.133,38005
Wayne,2005,177,0.14400000000000002,35557
Wells,2005,179,0.07400000000000001,45822
White,2005,181,0.10300000000000001,42877
Whitley,2005,183,0.075,47709
Indiana,2006,000,0.125,45414
Adams,2006,001,0.135,41976
Allen,2006,003,0.11599999999999999,45844
Bartholomew,2006,005,0.09699999999999999,49681
Benton,2006,007,0.091,43645
Blackford,2006,009,0.13,38185
Boone,2006,011,0.06,63619
Brown,2006,013,0.107,49151
Carroll,2006,015,0.084,45092
Cass,2006,017,0.10400000000000001,41701
Clark,2006,019,0.11900000000000001,42662
Clay,2006,021,0.11900000000000001,40860
Clinton,2006,023,0.11900000000000001,44485
Crawford,2006,025,0.17600000000000002,37240
Daviess,2006,027,0.145,39276
Dearborn,2006,029,0.075,55086
Decatur,2006,031,0.105,44962
De Kalb,2006,033,0.081,46561
Delaware,2006,035,0.198,35698
Dubois,2006,037,0.068,49399
Elkhart,2006,039,0.10800000000000001,47309
Fayette,2006,041,0.127,40957
Floyd,2006,043,0.10400000000000001,50733
Fountain,2006,045,0.11199999999999999,41768
Franklin,2006,047,0.09699999999999999,49430
Fulton,2006,049,0.106,38956
Gibson,2006,051,0.09,44010
Grant,2006,053,0.156,38939
Greene,2006,055,0.161,36480
Hamilton,2006,057,0.039,76891
Hancock,2006,059,0.057999999999999996,62442
Harrison,2006,061,0.087,49196
Hendricks,2006,063,0.055999999999999994,62312
Henry,2006,065,0.115,41459
Howard,2006,067,0.16699999999999998,44964
Huntington,2006,069,0.092,45289
Jackson,2006,071,0.10400000000000001,43050
Jasper,2006,073,0.09300000000000001,50675
Jay,2006,075,0.124,36489
Jefferson,2006,077,0.14300000000000002,41618
Jennings,2006,079,0.122,42822
Johnson,2006,081,0.065,60804
Knox,2006,083,0.19699999999999998,35722
Kosciusko,2006,085,0.091,48410
Lagrange,2006,087,0.107,48693
Lake,2006,089,0.16699999999999998,46389
La Porte,2006,091,0.12,46596
Lawrence,2006,093,0.121,38101
Madison,2006,095,0.136,41341
Marion,2006,097,0.159,42072
Marshall,2006,099,0.10400000000000001,50640
Martin,2006,101,0.12300000000000001,41787
Miami,2006,103,0.129,43129
Monroe,2006,105,0.242,38508
Montgomery,2006,107,0.10300000000000001,45454
Morgan,2006,109,0.096,53515
Newton,2006,111,0.092,48813
Noble,2006,113,0.10099999999999999,45196
Ohio,2006,115,0.095,46416
Orange,2006,117,0.168,34489
Owen,2006,119,0.11900000000000001,41414
Parke,2006,121,0.152,39916
Perry,2006,123,0.12300000000000001,41426
Pike,2006,125,0.09699999999999999,40996
Porter,2006,127,0.09,58176
Posey,2006,129,0.08800000000000001,57018
Pulaski,2006,131,0.11699999999999999,41275
Putnam,2006,133,0.099,44339
Randolph,2006,135,0.129,38143
Ripley,2006,137,0.092,46275
Rush,2006,139,0.1,44326
St. Joseph,2006,141,0.129,44053
Scott,2006,143,0.149,38422
Shelby,2006,145,0.1,50647
Spencer,2006,147,0.094,48529
Starke,2006,149,0.14,40511
Steuben,2006,151,0.105,47351
Sullivan,2006,153,0.145,39647
Switzerland,2006,155,0.145,42316
Tippecanoe,2006,157,0.17,40618
Tipton,2006,159,0.073,51684
Union,2006,161,0.11900000000000001,42998
Vanderburgh,2006,163,0.146,39963
Vermillion,2006,165,0.12,40011
Vigo,2006,167,0.215,35686
Wabash,2006,169,0.109,43664
Warren,2006,171,0.083,44431
Warrick,2006,173,0.064,61530
Washington,2006,175,0.157,39521
Wayne,2006,177,0.142,39105
Wells,2006,179,0.076,48819
White,2006,181,0.092,40188
Whitley,2006,183,0.07400000000000001,51228
Indiana,2007,000,0.12300000000000001,47422
Adams,2007,001,0.125,46601
Allen,2007,003,0.109,47947
Bartholomew,2007,005,0.109,53395
Benton,2007,007,0.102,44637
Blackford,2007,009,0.126,40996
Boone,2007,011,0.066,65106
Brown,2007,013,0.10300000000000001,52038
Carroll,2007,015,0.091,48013
Cass,2007,017,0.11599999999999999,43794
Clark,2007,019,0.10300000000000001,45450
Clay,2007,021,0.10800000000000001,42755
Clinton,2007,023,0.11199999999999999,46258
Crawford,2007,025,0.166,37942
Daviess,2007,027,0.15,41174
Dearborn,2007,029,0.07200000000000001,56660
Decatur,2007,031,0.1,45711
De Kalb,2007,033,0.08800000000000001,49051
Delaware,2007,035,0.18,38501
Dubois,2007,037,0.08800000000000001,54404
Elkhart,2007,039,0.111,49395
Fayette,2007,041,0.142,39948
Floyd,2007,043,0.10800000000000001,52734
Fountain,2007,045,0.122,42847
Franklin,2007,047,0.09300000000000001,51541
Fulton,2007,049,0.10800000000000001,45944
Gibson,2007,051,0.105,47197
Grant,2007,053,0.174,37131
Greene,2007,055,0.133,41419
Hamilton,2007,057,0.039,83059
Hancock,2007,059,0.048,65421
Harrison,2007,061,0.09699999999999999,50418
Hendricks,2007,063,0.05,66432
Henry,2007,065,0.10300000000000001,42306
Howard,2007,067,0.13,45569
Huntington,2007,069,0.096,46756
Jackson,2007,071,0.11800000000000001,44935
Jasper,2007,073,0.08199999999999999,49945
Jay,2007,075,0.10800000000000001,40623
Jefferson,2007,077,0.129,45106
Jennings,2007,079,0.11900000000000001,42634
Johnson,2007,081,0.07,60381
Knox,2007,083,0.171,40042
Kosciusko,2007,085,0.086,50815
Lagrange,2007,087,0.09,50487
Lake,2007,089,0.15,47998
La Porte,2007,091,0.136,44620
Lawrence,2007,093,0.138,42018
Madison,2007,095,0.136,43094
Marion,2007,097,0.156,45160
Marshall,2007,099,0.094,50647
Martin,2007,101,0.12300000000000001,43574
Miami,2007,103,0.121,44636
Monroe,2007,105,0.26,39563
Montgomery,2007,107,0.10400000000000001,48453
Morgan,2007,109,0.087,53617
Newton,2007,111,0.09300000000000001,45107
Noble,2007,113,0.10099999999999999,46924
Ohio,2007,115,0.091,48099
Orange,2007,117,0.142,38036
Owen,2007,119,0.131,42291
Parke,2007,121,0.166,37932
Perry,2007,123,0.121,42711
Pike,2007,125,0.10099999999999999,38325
Porter,2007,127,0.091,59992
Posey,2007,129,0.078,55562
Pulaski,2007,131,0.11699999999999999,42651
Putnam,2007,133,0.115,48290
Randolph,2007,135,0.113,40071
Ripley,2007,137,0.107,49651
Rush,2007,139,0.11599999999999999,45246
St. Joseph,2007,141,0.134,44706
Scott,2007,143,0.165,39451
Shelby,2007,145,0.098,48708
Spencer,2007,147,0.092,52269
Starke,2007,149,0.146,40838
Steuben,2007,151,0.11599999999999999,46628
Sullivan,2007,153,0.13699999999999998,40957
Switzerland,2007,155,0.14400000000000002,42987
Tippecanoe,2007,157,0.19,42325
Tipton,2007,159,0.079,54536
Union,2007,161,0.11699999999999999,41103
Vanderburgh,2007,163,0.139,42512
Vermillion,2007,165,0.107,43637
Vigo,2007,167,0.16899999999999998,37381
Wabash,2007,169,0.098,45522
Warren,2007,171,0.083,49596
Warrick,2007,173,0.064,60748
Washington,2007,175,0.147,37288
Wayne,2007,177,0.149,39239
Wells,2007,179,0.085,45662
White,2007,181,0.094,44881
Whitley,2007,183,0.07,57903
Indiana,2008,000,0.129,48010
Adams,2008,001,0.127,43304
Allen,2008,003,0.115,49110
Bartholomew,2008,005,0.106,51850
Benton,2008,007,0.10400000000000001,46441
Blackford,2008,009,0.139,38769
Boone,2008,011,0.064,72603
Brown,2008,013,0.105,50082
Carroll,2008,015,0.085,50907
Cass,2008,017,0.114,42778
Clark,2008,019,0.10800000000000001,48572
Clay,2008,021,0.11800000000000001,45768
Clinton,2008,023,0.145,46368
Crawford,2008,025,0.171,38653
Daviess,2008,027,0.146,43154
Dearborn,2008,029,0.081,56434
Decatur,2008,031,0.12300000000000001,49572
De Kalb,2008,033,0.10300000000000001,48698
Delaware,2008,035,0.172,39190
Dubois,2008,037,0.075,53779
Elkhart,2008,039,0.126,49989
Fayette,2008,041,0.152,37548
Floyd,2008,043,0.114,50768
Fountain,2008,045,0.115,44377
Franklin,2008,047,0.10300000000000001,51741
Fulton,2008,049,0.122,45964
Gibson,2008,051,0.11900000000000001,47795
Grant,2008,053,0.17800000000000002,38677
Greene,2008,055,0.13699999999999998,41378
Hamilton,2008,057,0.042,85829
Hancock,2008,059,0.057,64783
Harrison,2008,061,0.09699999999999999,51964
Hendricks,2008,063,0.052000000000000005,67429
Henry,2008,065,0.12300000000000001,42416
Howard,2008,067,0.133,49140
Huntington,2008,069,0.10800000000000001,46289
Jackson,2008,071,0.105,47428
Jasper,2008,073,0.08900000000000001,55706
Jay,2008,075,0.14300000000000002,41800
Jefferson,2008,077,0.132,42646
Jennings,2008,079,0.12300000000000001,43823
Johnson,2008,081,0.07400000000000001,62100
Knox,2008,083,0.166,39509
Kosciusko,2008,085,0.09,50685
Lagrange,2008,087,0.102,51160
Lake,2008,089,0.16699999999999998,50042
La Porte,2008,091,0.127,46388
Lawrence,2008,093,0.14300000000000002,43165
Madison,2008,095,0.146,44453
Marion,2008,097,0.165,43823
Marshall,2008,099,0.096,50284
Martin,2008,101,0.129,44900
Miami,2008,103,0.142,43903
Monroe,2008,105,0.207,40891
Montgomery,2008,107,0.115,47958
Morgan,2008,109,0.106,56309
Newton,2008,111,0.09699999999999999,49269
Noble,2008,113,0.1,47651
Ohio,2008,115,0.09,50244
Orange,2008,117,0.159,38441
Owen,2008,119,0.134,42752
Parke,2008,121,0.16699999999999998,41907
Perry,2008,123,0.11900000000000001,48039
Pike,2008,125,0.109,45825
Porter,2008,127,0.087,62676
Posey,2008,129,0.10099999999999999,54320
Pulaski,2008,131,0.129,42709
Putnam,2008,133,0.11699999999999999,50463
Randolph,2008,135,0.135,42279
Ripley,2008,137,0.10400000000000001,51603
Rush,2008,139,0.109,45882
St. Joseph,2008,141,0.146,43931
Scott,2008,143,0.16399999999999998,41304
Shelby,2008,145,0.10800000000000001,52700
Spencer,2008,147,0.09300000000000001,53781
Starke,2008,149,0.154,40950
Steuben,2008,151,0.092,48403
Sullivan,2008,153,0.152,41784
Switzerland,2008,155,0.163,42209
Tippecanoe,2008,157,0.182,45330
Tipton,2008,159,0.087,54089
Union,2008,161,0.11900000000000001,42272
Vanderburgh,2008,163,0.16899999999999998,41731
Vermillion,2008,165,0.122,42707
Vigo,2008,167,0.19699999999999998,39250
Wabash,2008,169,0.12,46192
Warren,2008,171,0.08800000000000001,52888
Warrick,2008,173,0.077,55960
Washington,2008,175,0.139,42017
Wayne,2008,177,0.172,40783
Wells,2008,179,0.086,51730
White,2008,181,0.114,45114
Whitley,2008,183,0.075,49996
Indiana,2009,000,0.14400000000000002,45427
Adams,2009,001,0.158,42994
Allen,2009,003,0.146,47284
Bartholomew,2009,005,0.096,49888
Benton,2009,007,0.1,42994
Blackford,2009,009,0.141,38371
Boone,2009,011,0.079,66166
Brown,2009,013,0.125,48388
Carroll,2009,015,0.099,48054
Cass,2009,017,0.138,43079
Clark,2009,019,0.11900000000000001,48284
Clay,2009,021,0.14,42667
Clinton,2009,023,0.125,46315
Crawford,2009,025,0.19,36811
Daviess,2009,027,0.156,41675
Dearborn,2009,029,0.08900000000000001,55168
Decatur,2009,031,0.12,45042
De Kalb,2009,033,0.096,44702
Delaware,2009,035,0.207,35935
Dubois,2009,037,0.07200000000000001,54687
Elkhart,2009,039,0.14400000000000002,43531
Fayette,2009,041,0.17800000000000002,35343
Floyd,2009,043,0.12300000000000001,51812
Fountain,2009,045,0.13,43678
Franklin,2009,047,0.109,49117
Fulton,2009,049,0.11900000000000001,39535
Gibson,2009,051,0.114,47446
Grant,2009,053,0.18100000000000002,38629
Greene,2009,055,0.166,41394
Hamilton,2009,057,0.055999999999999994,76878
Hancock,2009,059,0.065,59652
Harrison,2009,061,0.098,48028
Hendricks,2009,063,0.051,67011
Henry,2009,065,0.15,39989
Howard,2009,067,0.151,47108
Huntington,2009,069,0.105,44820
Jackson,2009,071,0.133,41861
Jasper,2009,073,0.096,53325
Jay,2009,075,0.16,38453
Jefferson,2009,077,0.136,42204
Jennings,2009,079,0.158,41588
Johnson,2009,081,0.09699999999999999,57634
Knox,2009,083,0.17800000000000002,37805
Kosciusko,2009,085,0.10800000000000001,47152
Lagrange,2009,087,0.132,45578
Lake,2009,089,0.16399999999999998,47054
La Porte,2009,091,0.145,46022
Lawrence,2009,093,0.154,39398
Madison,2009,095,0.147,41774
Marion,2009,097,0.19699999999999998,41201
Marshall,2009,099,0.136,46767
Martin,2009,101,0.135,42825
Miami,2009,103,0.17,39392
Monroe,2009,105,0.21899999999999997,36061
Montgomery,2009,107,0.136,47134
Morgan,2009,109,0.102,55411
Newton,2009,111,0.11,47764
Noble,2009,113,0.139,43350
Ohio,2009,115,0.102,49541
Orange,2009,117,0.16899999999999998,36620
Owen,2009,119,0.14300000000000002,41422
Parke,2009,121,0.157,41011
Perry,2009,123,0.12,44652
Pike,2009,125,0.11800000000000001,40452
Porter,2009,127,0.076,60718
Posey,2009,129,0.084,55517
Pulaski,2009,131,0.131,44483
Putnam,2009,133,0.131,47394
Randolph,2009,135,0.175,37021
Ripley,2009,137,0.11800000000000001,44179
Rush,2009,139,0.136,43716
St. Joseph,2009,141,0.16399999999999998,43544
Scott,2009,143,0.166,38812
Shelby,2009,145,0.124,50611
Spencer,2009,147,0.1,49006
Starke,2009,149,0.138,40369
Steuben,2009,151,0.136,45879
Sullivan,2009,153,0.171,39091
Switzerland,2009,155,0.172,41837
Tippecanoe,2009,157,0.209,41917
Tipton,2009,159,0.091,52423
Union,2009,161,0.138,43630
Vanderburgh,2009,163,0.152,42404
Vermillion,2009,165,0.154,40164
Vigo,2009,167,0.209,37876
Wabash,2009,169,0.139,42076
Warren,2009,171,0.08800000000000001,50841
Warrick,2009,173,0.08,58436
Washington,2009,175,0.155,40419
Wayne,2009,177,0.19899999999999998,38909
Wells,2009,179,0.09300000000000001,48000
White,2009,181,0.10800000000000001,46495
Whitley,2009,183,0.08,48451
Indiana,2010,000,0.153,44616
Adams,2010,001,0.168,43121
Allen,2010,003,0.139,47014
Bartholomew,2010,005,0.128,49045
Benton,2010,007,0.113,47520
Blackford,2010,009,0.16,38637
Boone,2010,011,0.08,66023
Brown,2010,013,0.132,46770
Carroll,2010,015,0.10099999999999999,49966
Cass,2010,017,0.16699999999999998,38859
Clark,2010,019,0.125,44775
Clay,2010,021,0.136,42233
Clinton,2010,023,0.128,47229
Crawford,2010,025,0.17,39358
Daviess,2010,027,0.147,42318
Dearborn,2010,029,0.10099999999999999,55817
Decatur,2010,031,0.136,49551
De Kalb,2010,033,0.106,46781
Delaware,2010,035,0.242,36362
Dubois,2010,037,0.084,51885
Elkhart,2010,039,0.172,42168
Fayette,2010,041,0.17,36734
Floyd,2010,043,0.124,49117
Fountain,2010,045,0.124,43947
Franklin,2010,047,0.12300000000000001,48938
Fulton,2010,049,0.138,40856
Gibson,2010,051,0.121,45383
Grant,2010,053,0.198,35976
Greene,2010,055,0.14,41504
Hamilton,2010,057,0.049,82054
Hancock,2010,059,0.085,62195
Harrison,2010,061,0.11,48775
Hendricks,2010,063,0.064,66080
Henry,2010,065,0.162,40732
Howard,2010,067,0.16,41786
Huntington,2010,069,0.113,46530
Jackson,2010,071,0.127,46562
Jasper,2010,073,0.095,55267
Jay,2010,075,0.156,38117
Jefferson,2010,077,0.159,41654
Jennings,2010,079,0.142,41869
Johnson,2010,081,0.105,58695
Knox,2010,083,0.17600000000000002,39123
Kosciusko,2010,085,0.134,47811
Lagrange,2010,087,0.161,44151
Lake,2010,089,0.177,45252
La Porte,2010,091,0.162,44039
Lawrence,2010,093,0.152,41305
Madison,2010,095,0.18,39449
Marion,2010,097,0.20800000000000002,39393
Marshall,2010,099,0.127,43283
Martin,2010,101,0.132,43854
Miami,2010,103,0.17,40466
Monroe,2010,105,0.243,38348
Montgomery,2010,107,0.153,41853
Morgan,2010,109,0.11900000000000001,53738
Newton,2010,111,0.111,48043
Noble,2010,113,0.126,45269
Ohio,2010,115,0.1,47937
Orange,2010,117,0.175,35999
Owen,2010,119,0.141,42658
Parke,2010,121,0.166,42749
Perry,2010,123,0.13,41446
Pike,2010,125,0.147,39684
Porter,2010,127,0.109,56648
Posey,2010,129,0.098,56159
Pulaski,2010,131,0.142,41794
Putnam,2010,133,0.139,44437
Randolph,2010,135,0.16,40806
Ripley,2010,137,0.107,45951
Rush,2010,139,0.132,45464
St. Joseph,2010,141,0.159,42316
Scott,2010,143,0.188,39134
Shelby,2010,145,0.128,46619
Spencer,2010,147,0.113,47726
Starke,2010,149,0.182,38317
Steuben,2010,151,0.128,45431
Sullivan,2010,153,0.147,42481
Switzerland,2010,155,0.163,42268
Tippecanoe,2010,157,0.209,41722
Tipton,2010,159,0.085,54171
Union,2010,161,0.126,44337
Vanderburgh,2010,163,0.16899999999999998,41024
Vermillion,2010,165,0.136,42613
Vigo,2010,167,0.191,39089
Wabash,2010,169,0.122,42990
Warren,2010,171,0.098,50349
Warrick,2010,173,0.073,59195
Washington,2010,175,0.159,39945
Wayne,2010,177,0.203,36424
Wells,2010,179,0.096,45492
White,2010,181,0.122,43487
Whitley,2010,183,0.09300000000000001,49989
